GEOID,mean_price,median_price,max_price,min_price,mean_value,median_value,max_value,min_value
160599703001,0,0,0,0,120950.3,125801.5,221773,20646
160219702001,0,0,0,0,654485.4,600336.5,1345605,272975
160399602001,58080,7550,280800,0,221510.2,224805,333129,71478
160399602004,105042.1,91727.5,325609,0,215201.2,193075.5,325012,159410
160439701001,63108.5,31697,225000,0,195101.5,181379.5,336478,78360
160439702003,121904.3,90700,496000,15000,108035,107117,164415,51484
160519603002,79602.9,89317,124800,6042,101993.1,70628,275290,38505
160079502002,0,0,0,0,200266.5,156095.5,669825,54360
160079502003,0,0,0,0,138962.1,113967.5,340920,67605
160539702001,1000,0,10000,0,68551.3,65300.5,135561,45161
160539703003,7960.8,0,79608,0,93584.5,87279,157624,66685
160199704032,86683.7,101050,135957,0,78737.7,75200.5,139166,25852
160599703003,0,0,0,0,129397.5,101374,273799,4961
160199706022,80744.2,84612,163857,0,118851.1,115924,138517,106548
160199708004,85781.9,91580.5,122400,0,136045.9,121513,228355,65665
160199709002,108595.1,106466,172617,0,172278.6,170906.5,215126,122931
160199711001,89066.1,88875,160821,50299,91425.3,88830,126215,68495
160319504001,0,0,0,0,84256.6,80982,127300,31620
160199703003,133168.9,114699.5,265655,0,94112.7,63089.5,231417,47802
160659502002,0,0,0,0,157179,134596.5,259427,120215
160659503012,0,0,0,0,163482.9,157590,267138,85906
160659501004,23938.2,0,183148,0,143826.8,135084.5,203983,105858
160659503015,0,0,0,0,152372.7,160035,193096,77901
160659503013,0,0,0,0,158329.8,154851,205069,127260
160319505002,0,0,0,0,147310.5,154143,179695,92588
160010024134,0,0,0,0,321570,278850,649600,206100
160010022221,11400,0,114000,0,337810,336300,592500,192600
160010019003,9540,0,95400,0,205250,213550,253000,154400
160010023023,0,0,0,0,197620,198400,217800,184900
160010023101,0,0,0,0,225440,224500,270800,198800
160010022211,23436.5,0,234365,0,322580,311550,940000,0
160010103322,16437.7,0,164377,0,178730,171750,233200,157800
160010003022,17021.5,0,170215,0,387300,332400,764400,230700
160010004005,0,0,0,0,231960,201100,356200,143900
160830015003,0,0,0,0,268636.7,213284,448224,165910
160010006004,19245.4,0,192454,0,314110,299350,438000,211100
160010008024,0,0,0,0,377010,374350,455300,327100
160010009003,0,0,0,0,239960,237200,342000,121300
160010010003,0,0,0,0,202300,189350,296000,156500
160010014003,0,0,0,0,231410,215800,460100,146800
160010015003,0,0,0,0,226840,214950,311900,165300
160010018002,0,0,0,0,555380,569150,686800,356400
160010020004,0,0,0,0,186870,176950,333300,140400
160010023121,0,0,0,0,187160,187100,199500,180900
160010024112,0,0,0,0,214690,193500,321000,161300
160010012021,0,0,0,0,163190,163300,219700,115800
160339501001,10532,0,69320,0,103669,92170,190080,33910
160459601001,0,0,0,0,252179.9,267964.5,389372,119994
160859701003,0,0,0,0,371950.2,356917,556856,219704
160859702001,0,0,0,0,951581.7,973096,1643209,380073
160859701002,0,0,0,0,1331497.5,406638,7117942,148650
160570056001,0,0,0,0,109984.3,82107.5,283314,26850
160570053005,0,0,0,0,230996.7,237776,375308,63675
160570051005,0,0,0,0,218724.8,237776,375308,63675
160570055001,0,0,0,0,76317.2,40824,333308,22063
160459602003,13545.2,0,135452,0,125886.3,118066,215444,63312
160010004003,0,0,0,0,268500,250950,403800,183700
160379602002,11900,0,74000,0,176556,180610,325710,60890
160379602001,45600,0,456000,0,282485,193160,617700,96850
160599701001,0,0,0,0,185771.7,204532.5,350300,27847
160830002001,0,0,0,0,357035.5,342700.5,533391,246712
160830015002,0,0,0,0,80005.4,53578,184744,20406
160550009001,105555.3,106520.5,131208,50000,154234,152765,169890,135950
160550006023,174058.5,131350,599325,103741,962331.2,210785,7598982,157510
160270205042,96804.3,79390.5,180901,49000,129752,132210,196300,87600
160270210023,95254.8,100750,141732,41250,195248,196300,254900,118000
160270206024,49369.1,49875.5,97293,102,219350,214600,366200,143000
160199708002,69309.8,75000,105000,1100,116259.8,111759,180936,82521
160270205041,91869.8,91276,193608,12581,116470,115300,125100,106600
160859701001,0,0,0,0,212916.6,172557,568645,90256
160270215003,37602.5,2555,127716,173,90080,87450,125000,50100
160270204025,96647.8,98250,256835,0,167040,157000,250300,96400
160270224002,64767.2,0,336171,0,224406,232480,322910,101650
160270202003,51037.2,51638,107001,18525,97860,88450,139400,77900
160270203001,76849.3,79962,111200,2555,129768,137090,156900,85100
160270222002,25904.3,18000,55800,0,65670,63800,92500,46000
160050003002,99889.1,114412.5,153053,0,95433.8,74686.5,230100,48450
160050004002,108952.5,105058,143800,81068,108302,76271,230100,63662
160550005002,123120.2,117448.5,186491,79092,157925,149510,204790,143690
160050011013,132135,119900,229502,85800,70612.1,72540,79508,60040
160050014001,76382.2,82191,200000,0,70612.1,72540,79508,60040
160050014004,75543.3,73580.5,135000,9700,76168.3,74686.5,119224,60040
160050013003,65452.3,62700,105630,33500,76168.3,74686.5,119224,60040
160050017002,81063.9,95750,178610,0,93839.4,74922.5,240900,60040
160050019004,40175.1,31000,99240,1000,176329.4,205895.5,245552,59685
160159502003,157.7,0,1577,0,287939.1,279153,386526,185159
160159502004,0,0,0,0,453985.1,465506.5,548710,249179
160270213002,189576.9,4290.5,1750000,0,139958,97300,367500,60500
160270216003,80631,91000,117000,670,153650,141750,221200,112800
160139603002,485967.4,75000,2219440,0,820101.4,701810,2425323,166248
160270216002,30180.6,452.5,114300,0,151030,139150,233200,112800
160270213001,279.2,201.5,501,121,70040,65950,95100,50300
160010017004,15782.2,0,157500,0,199750,194550,259800,148600
160010023021,0,0,0,0,200450,186350,266400,143400
160010017002,6624.5,0,66000,0,154600,154600,167700,141800
160010003043,15840,0,158400,0,289950,290300,339400,247500
160010103333,0,0,0,0,210990,214600,222100,194500
160010105042,0,0,0,0,232310,228350,256100,213800
160010103331,41547.8,0,156623,0,208180,211900,234900,179900
160010022231,77970,0,259900,0,375660,390150,417900,310100
160270202002,82377.4,87177.5,121801,7794,103310,104350,137200,55400
160739502004,0,0,0,0,205983.9,182001.5,423452,46550
160739502003,113255.8,101661.5,225000,0,236091.7,210956.5,593802,47798
160739501021,51272.9,47503,85330,0,69346.9,63586,118300,35472
160299601005,10140,0,101400,0,53131.3,57187,76886,31363
160239701003,0,0,0,0,144805,138995,359680,26540
160119503004,0,0,0,0,75038.5,73907.5,115684,31610
160119505003,8500,0,85000,0,95293.8,92861.5,120400,80387
160119504003,0,0,0,0,77070,76171,153373,14468
160119400001,5790.1,0,57901,0,187747.9,153278,328650,75800
160119506003,0,0,0,0,140681.6,136259,205606,99300
160550004022,141728.5,132004.5,250296,103508,179630.5,174227.5,221440,158190
160550011001,144230.6,200416.5,340383,0,581692.9,627295,760540,327230
160499602004,0,0,0,0,130638.2,140490,204839,6254
160499603002,0,0,0,0,179828.5,173403,325959,500
160699604001,0,0,0,0,152659.4,157479,196490,115107
160699605002,0,0,0,0,286913.1,283485.5,498083,125303
160699606004,13576,0,71760,0,131063.3,157614,180666,55926
160699604003,0,0,0,0,148236.2,156057.5,216496,95771
160699607004,0,0,0,0,158930.7,163341,184616,117700
160699610004,0,0,0,0,239719.7,244065,331966,149933
160699400002,0,0,0,0,160501.4,146901,331008,48089
160050014005,97972.5,91366,136173,60000,70612.1,72540,79508,60040
160830013002,0,0,0,0,110107,89073,258457,49234
160179506002,75000,0,750000,0,600735,608265,908400,438740
160010008023,0,0,0,0,319480,313850,400100,253600
160010008052,0,0,0,0,399520,424350,474700,286400
160159502001,0,0,0,0,119689.3,133038.5,159467,42144
160679704003,0,0,0,0,160797.3,153955.5,265656,95220
160519603004,202433.8,187346.5,312004,76000,289640.7,257268,620615,140121
160879701002,0,0,0,0,244405.7,212412,481171,141884
160050013002,78280.2,75975.5,130000,48000,76168.3,74686.5,119224,60040
160879703004,12288.8,0,51856,0,378251.9,342135.5,742335,100173
160399604002,150409,131002.5,411855,9000,158509.3,132503,325461,93519
160539704002,12801.6,0,73416,0,71817.8,64347,102604,51415
160179503003,0,0,0,0,192449.1,200447.5,227021,138159
160550016001,95143,89073.5,197753,0,212082,204480,261734,169310
160879703001,0,0,0,0,296656.1,292593.5,658129,100173
160270203003,84438.4,99022,118715,41000,131970,113550,296200,83900
160699608001,0,0,0,0,180241.8,163339,282169,112798
160270206022,83656.5,91900,133406,0,116830,111600,146700,101200
160550013001,93798.1,101705.5,141354,3265,161273,152095,219550,132150
160399602002,130246.3,135558,199900,0,256228,257511,335220,209994
160199710005,144632.3,141075,291445,50300,232958.5,239848.5,293995,168672
160010019002,0,0,0,0,246430,246450,276800,213300
160199714003,178469.6,170882.5,400000,302,280694.8,199133.5,578925,178387
160319504002,0,0,0,0,53646.6,57671.5,73965,26596
160550015002,106117.6,134765.5,212000,0,230446.5,215205,361670,180730
160010105011,80000,0,490000,0,259700,253350,508700,0
160050015002,97743.5,101850,145000,0,82134,74686.5,133765,60040
160050012001,77994.4,80888,122302,200,70612.1,72540,79508,60040
160139601002,458539,179703,3200000,29640,403250.5,500403.5,756498,33373
160199704033,177726.8,105000,886497,15000,59595.6,31005.5,129830,17866
160299602001,0,0,0,0,50573.3,50790.5,61482,36549
160010006005,15000,0,150000,0,320350,296900,571800,151400
160010016002,7600,0,76000,0,183870,189650,204300,161300
160010023103,18500,0,185000,0,260310,234500,457700,168400
160699609003,0,0,0,0,169585.4,165370,231432,118919
160830010003,13500,0,135000,0,123365.9,119193.5,162270,84187
160010103221,8244.5,0,82445,0,197730,196600,225600,163800
160139601003,360693.3,349952.5,588735,85501,422669.9,408814.5,604898,308456
160199708001,72353.8,81000,101600,1100,132733.5,134089.5,148472,113777
160459603003,0,0,0,0,112120,108881.5,218046,71588
160270204022,57353.3,54649.5,144460,815,125130,124100,186600,71000
160199710006,123085.4,150925,232000,0,169312.8,172307.5,199607,124080
160010103312,0,0,0,0,382030,377550,453200,318000
160199713014,94074.1,96623.5,134000,55500,96882.7,95431,113644,84714
160099501002,77600.1,75846.5,173904,30000,143852,127346,297950,59178
160570052004,0,0,0,0,247034.6,246054.5,375308,63675
160010024122,0,0,0,0,195510,193200,221600,176400
160139601001,90498.3,72475,262500,0,104167.4,92961,195811,33298
160050011012,119269.2,130639.5,214000,1000,75070.5,72586.5,119224,60040
160199709001,93239.4,91013.5,164590,56600,112592.2,117100.5,124814,90358
160550010022,140908.3,157500,250967,0,261405.1,217110,423691,194700
160259701001,301079.3,88927,1184776,0,239125.9,224798.5,450846,86580
160550010012,128049.1,135875,180150,0,195310.6,201705,211704,171384
160599703002,0,0,0,0,183137.8,181661.5,288789,111667
160550015001,123811.6,122000,306000,0,226602,203645,339750,169500
160499602005,0,0,0,0,183731.5,165506.5,325959,500
160830012001,0,0,0,0,220077.8,174642,458767,84426
160830008002,0,0,0,0,101511.8,98037.5,196168,55729
160519603001,80403.3,63828,259000,0,208582.3,139477.5,804141,84539
160050009002,47928.8,46482.5,90972,12000,93839.4,74922.5,240900,60040
160550009002,58452.7,63507,133063,0,320390.8,306220,442378,202420
160050013001,74651.9,72344,138509,0,70612.1,72540,79508,60040
160550019002,225867.7,193651,875000,0,283099.3,272813.5,473830,139145
160399603003,137182,86319,442990,17000,68677.9,76763,91746,30730
160319504004,0,0,0,0,128517.8,112206.5,217639,56978
160319505001,13834.9,0,70349,0,67330.7,64310,94015,38528
160699606001,0,0,0,0,159947.1,144184.5,283412,117406
160419701001,0,0,0,0,245734.6,150697,683803,62917
160010008033,0,0,0,0,285330,296450,365300,234800
160010001003,8000,0,80000,0,183920,175250,231900,136100
160010008043,0,0,0,0,237080,239300,308100,170400
160010014001,0,0,0,0,189400,172200,276700,144800
160010024113,15506.1,0,84400,0,236550,246050,284500,166300
160199706021,115269.2,103357,247122,68000,124598.9,123411,143361,108358
160199710002,63326.5,67941.5,113748,0,81707,79310,112405,66015
160239701001,0,0,0,0,83615.8,77757.5,224740,10830
160379602003,0,0,0,0,182904.6,173679.5,323680,88940
160779602004,3500,0,35000,0,82377.5,89427.5,112725,40435
160570052002,0,0,0,0,247034.6,246054.5,375308,63675
160570053001,0,0,0,0,247034.6,246054.5,375308,63675
160679702003,0,0,0,0,230123,223681,364702,171981
160399601001,92800,0,350000,0,152538.6,129405,270848,38890
160399603001,106506.3,69415,442990,17000,194703.7,216304,337085,52862
160270202001,7830.1,199,76579,111,79730,76500,135000,22500
160050011014,144616.8,139440,240000,92000,75070.5,72586.5,119224,60040
160050012002,60399.8,44488,144722,0,70612.1,72540,79508,60040
160270215004,61311.6,61941,145000,0,141380,137350,189500,103000
160270206025,96967.7,102339,147970,47150,111540,107650,137900,92400
160759601003,0,0,0,0,378251.9,342135.5,742335,100173
160010014004,4030,0,40300,0,129100,106450,215100,97000
160010103313,0,0,0,0,251650,229400,354500,204800
160010023104,0,0,0,0,198320,198650,212800,179900
160739501013,63857.7,57571,120100,44000,82701.8,75667,115217,32357
160050014002,35477.3,29417.5,88976,0,70612.1,72540,79508,60040
160699606003,0,0,0,0,171089,166514,274439,128335
160499602002,0,0,0,0,286156.3,151671.5,1642035,6254
160699605001,0,0,0,0,240040,231780,309031,197655
160359701001,7458.4,0,37292,0,45692.2,16848.5,216868,3724
160010004001,15454.2,0,154542,0,162880,161350,178900,155800
160010003041,0,0,0,0,219450,261750,328300,86000
160050007002,88746.1,94469.5,140000,0,93839.4,74922.5,240900,60040
160010009002,0,0,0,0,267860,246550,571000,144400
160050014003,80319.3,77364.5,136173,9700,70612.1,72540,79508,60040
160570057001,0,0,0,0,127568.6,130942.5,225321,27613
160010022212,0,0,0,0,287730,283900,373100,217400
160050015005,58390.9,60499.5,92620,17700,70612.1,72540,79508,60040
160199708003,82239.5,90123.5,117333,0,135014.7,128639,160994,111519
160010103222,25200,0,126000,0,184690,181650,206500,168500
160199711002,112328.9,89904.5,401748,32000,109789.4,105506.5,162671,85227
160270219033,57055.1,17000,180000,0,291164,280040,408420,202700
160270206021,102725,101750,250000,578,165790,156700,200700,140900
160270204023,58503.3,63900.5,87419,5295,105530,110000,125800,75700
160570053003,0,0,0,0,218724.8,237776,375308,63675
160039502001,0,0,0,0,869326.7,912889,1473188,100
160010103334,0,0,0,0,369150,351550,473300,301100
160830004002,0,0,0,0,236885.5,207404,498873,145989
160830011002,26453.8,0,227522,0,84709.9,81467.5,103005,63586
160659503011,0,0,0,0,150839.9,140724,205069,108955
160759604003,0,0,0,0,378251.9,342135.5,742335,100173
160219701001,0,0,0,0,191505,209030,258620,47900
160739502001,51404.3,0,254176,0,44970.8,43159.5,73932,30944
160570056002,13700,0,137000,0,178044.7,159647.5,344141,27613
160050010001,85616.9,92223.5,134094,0,76115.6,74686.5,119224,60040
160399603004,100419.4,100584.5,173887,31200,184302.1,175479,255621,116155
160759604002,0,0,0,0,279364.8,257123.5,619880,75231
160759601002,0,0,0,0,378251.9,342135.5,742335,100173
160299601003,2500,0,25000,0,219585.9,221496.5,314375,87060
160419701002,0,0,0,0,258629.9,280755.5,354650,117209
160519601002,18557.1,0,77852,0,156864.5,154815.5,293580,62696
160550010011,249975.8,176235.5,1100000,74500,236952.9,241940,288319,141070
160139602001,332644.1,323446.5,1309797,0,464392.7,457945.5,581534,336318
160830013003,0,0,0,0,293489.1,219291,862855,124159
160270218002,35595.7,1138,100374,0,196336,198610,266760,111320
160010001001,0,0,0,0,456120,447700,829600,185900
160499602001,0,0,0,0,310723.1,154842.5,1642035,6254
160199704022,108034,98800,247177,191,189297.7,176989,267909,148502
160830005001,0,0,0,0,347983.3,378507.5,569173,101539
160759601004,0,0,0,0,331559.5,334534.5,658129,100173
160699608002,0,0,0,0,215789.5,188854,362226,164903
160659505001,0,0,0,0,126080.6,109958,375630,2000
160010010004,12875.6,0,128756,0,243720,225550,419600,141800
160699607005,0,0,0,0,172745.3,165205.5,248062,142284
160179507001,11480,0,114800,0,251256.8,248717,372559,138970
160739502005,57116.8,0,225000,0,151193.9,67590.5,593802,35672
160159502002,0,0,0,0,346334.2,364841,521349,143927
160359400006,0,0,0,0,162443.7,166888,264637,18120
160139602002,679393.8,731961,1401440,115000,1860015.3,750270.5,4422472,157495
160570057002,0,0,0,0,229491.4,192627,499653,143168
160050016022,104049.4,101195.5,175941,0,97523.5,74922.5,240900,60040
160199707002,57764.2,63810,103189,0,78265.8,77309,124009,22227
160179502005,0,0,0,0,206292,200673.5,371748,136376
160699610001,0,0,0,0,253871.2,238104,341271,194714
160010011002,0,0,0,0,139920,140550,206100,87200
160219702003,0,0,0,0,210963,190825,402540,108700
160659501003,32683.5,0,113618,0,272727.5,192867,684471,152373
160010012012,0,0,0,0,220220,223800,295100,176800
160830004003,0,0,0,0,81671.3,80150,112222,55697
160419701003,0,0,0,0,152065.2,139912,262005,79227
160550012003,129523.9,124700.5,230000,10000,226481,218015,281230,197380
160830003004,0,0,0,0,224554.8,212080,365134,112535
160079501001,0,0,0,0,227479.7,215343.5,370408,128670
160759603003,0,0,0,0,331559.5,334534.5,658129,100173
160179502003,0,0,0,0,371137.5,313702.5,822286,206116
160359400005,14110.7,0,141107,0,119299.8,89662,259725,31852
160099400002,59583.1,63375.5,195000,0,134216.7,102143.5,319909,61460
160519604001,39695.6,16837.5,117500,0,204257.7,161593,419834,83228
160479601004,0,0,0,0,76183.9,66284,132171,49222
160010104021,0,0,0,0,233310,232850,392900,113500
160119501002,7148.3,0,71483,0,147411.6,150199,225272,49472
160439703007,22035.1,0,138751,0,174423,172043.5,343751,54459
160270219042,191772.9,215208,382344,0,363828,360080,489620,245700
160550004012,139939.2,89000,388407,0,276228.7,293251,380449,127153
160419702005,0,0,0,0,202123.1,193853.5,333050,95704
160270221001,67424.1,70090,159408,0,193051,188610,276880,138500
160199701001,92609.3,99014,300000,8000,295533.1,238124.5,825011,80586
160270223002,188599.4,205476,336257,22367,323114,323595,614130,117100
160319506002,0,0,0,0,115462.5,112547,239547,36658
160010023102,0,0,0,0,210610,193050,345200,164300
160270205043,98447.4,90694,177507,55000,166520,140250,328400,124100
160799604005,2975,0,29750,0,106439.9,81306.5,308637,24880
160479602007,5753.8,0,57538,0,228871.1,187794,452120,139898
160179502004,0,0,0,0,372050.6,318880,735378,141376
160270212001,66792.7,67151.5,116244,25201,92280,90200,127800,63300
160199706023,84400.7,77615,139951,30200,79283.3,78230,88488,69596
160050015001,77139,70743,106031,7500,108564.9,76271,230100,60040
160010018003,0,0,0,0,245370,248700,319400,151800
160570051001,0,0,0,0,247034.6,246054.5,375308,63675
160179503001,0,0,0,0,158683.7,158456,270378,98495
160570054004,0,0,0,0,218724.8,237776,375308,63675
160799603002,10119.4,0,100889,0,106439.9,81306.5,308637,24880
160359400002,0,0,0,0,195765.8,157465.5,514932,94628
160359400003,0,0,0,0,192505.4,171480.5,514932,46351
160759601005,0,0,0,0,378251.9,342135.5,742335,100173
160439701002,75231,36150,287728,305,213222.3,178176,459404,96155
160179508001,0,0,0,0,312943.3,204349,970214,156425
160830006003,0,0,0,0,404517.6,361297,821980,83836
160359400001,6500,0,65000,0,210864.2,179015,531733,94628
160699603004,0,0,0,0,130174.4,99435.5,281139,47989
160679705002,5000.1,0,50001,0,145180.7,115190.5,317295,93080
160499601002,0,0,0,0,149164.4,140397,311556,78009
160550007002,168396.3,154653,250000,126001,303513.4,299536,410667,231688
160010005002,0,0,0,0,296020,279000,417200,209700
160050002001,131956.1,7250,686708,0,75070.5,72586.5,119224,60040
160139603003,773199.8,241710,3100000,0,708361.5,715391.5,872284,581985
160519603003,177840.6,200500,312004,0,181797.3,179533.5,289293,72778
160550020002,273470.8,214456,769000,119700,360871.7,317048.5,744684,192505
160119501004,0,0,0,0,164446.1,164180.5,227730,123326
160010008051,0,0,0,0,859880,890150,1173100,629900
160010105031,8751.5,0,46059,0,167950.5,189542.5,308322,54255
160830007001,8610,0,86100,0,444665.7,429154,732679,281512
160699604002,18782,0,95000,0,136389.8,139246,168515,73781
160010024111,0,0,0,0,255630,242850,380300,220600
160270219041,89154.7,92090.5,207366,0,182661,163410,280150,129520
160319506001,0,0,0,0,190242.2,204402,260063,57212
160010021002,0,0,0,0,299050,252400,661400,0
160119505001,0,0,0,0,199917.9,184639.5,331398,96010
160679701001,0,0,0,0,186734.6,191716,333290,74537
160199710003,112552.4,56114.5,595000,25300,97772.3,86993.5,222274,53683
160539701001,0,0,0,0,67827.5,71907,97962,35691
160550007001,141190.3,158145,285207,0,345433.8,334950,553420,251014
160270211002,136829.5,135059.5,199600,86500,270828,232500,439400,174400
160050003003,84794.9,70739.5,225000,0,77351.9,74686.5,133765,60040
160010017001,27.9,0,279,0,161360,158750,215200,116700
160270204013,454765.3,55000,4000000,0,154874,163940,223900,90100
160830005005,0,0,0,0,200191.2,149249,554913,96744
160179502006,0,0,0,0,196372.2,210347,346301,50839
160550009004,160192.2,119857,596076,50000,326950.3,314257.5,395669,303057
160479602001,0,0,0,0,230365.7,235151,382241,116503
160270222003,21196.6,3631.5,109109,0,187593,157810,286840,105900
160199713012,99925.4,91800,140577,72000,134260.8,128016,161166,99699
160010006002,0,0,0,0,489580,453150,684200,247900
160179509003,0,0,0,0,236050.9,209760,343170,77098
160179502001,0,0,0,0,134982.4,115319,244436,72100
160010103353,0,0,0,0,290460,285500,376800,236100
160179509001,0,0,0,0,327554.4,285277.5,659081,185841
160550002002,154599.8,150000,260000,60000,271696.8,231203.5,573005,103492
160550012001,160403.1,165679,303578,95079,179686.8,180564,189230,168250
160179501002,4207.6,0,42076,0,298572.9,294356.5,567895,57591
160270206023,111811.9,109774.5,152733,70890,158210,151150,231200,124900
160799602004,5500,0,55000,0,106439.9,81306.5,308637,24880
160050016012,164618.2,87000,801000,55611,93839.4,74922.5,240900,60040
160799602002,0,0,0,0,187015,169092,321376,75066
160219701004,0,0,0,0,194147,181420,291080,87340
160050008001,57246.8,67808,100431,0,93839.4,74922.5,240900,60040
160010103352,0,0,0,0,220500,218400,281500,191600
160139605001,5629734.2,346775,53000000,0,1870838.7,1079056.5,7248009,234003
160830007002,0,0,0,0,184017,185775,255983,128888
160010104014,15052,0,150520,0,150530,161050,191300,84700
160099400001,119316.1,96712,404796,0,196086.1,145101,796164,33109
160419701005,0,0,0,0,161698.6,174458.5,209942,97312
160270209011,126615.8,119582.5,164426,71100,154830,156950,169500,140600
160099400005,55307.1,47500,140000,0,113498,35211,424690,21438
160639501004,0,0,0,0,162057.6,135467,313946,78197
160199705031,161308,169618.5,411500,0,391076.1,329331,769723,161089
160270205011,113574.8,95760.5,227677,0,187540,179350,236000,158500
160050011021,94154.9,96328.5,142300,65450,75070.5,72586.5,119224,60040
160099400004,52807.1,3750,294488,0,199030,147676,437956,46194
160270210022,185866.2,198125,246250,82653,234800,217650,489700,131800
160219701002,727.5,0,7275,0,284781,236815,612920,172710
160319502002,0,0,0,0,172291.1,166729.5,311508,51806
160010011001,60850.1,0,204260,0,212550,217350,228200,160900
160550002004,176454,153407.5,485000,7266,351876.2,374873,470500,196518
160179506001,0,0,0,0,689124.2,531921,1812539,142360
160219702005,0,0,0,0,228315,221720,474090,91040
160050007003,85932.2,87350,186000,0,76115.6,74686.5,119224,60040
160010003042,0,0,0,0,235210,229650,261100,201500
160270215005,36297.3,35800,100109,212,100930,95550,156500,64800
160459602001,0,0,0,0,322297.1,351078,438313,48637
160550002003,241969.9,164500,483600,50600,344844.4,304297,620094,200283
160550019001,60447.6,49487,141200,0,224339.1,180079.5,705935,12558
160599702001,0,0,0,0,129410.4,111219.5,261728,47252
160179508003,0,0,0,0,180397.3,184096.5,287349,81519
160699607003,0,0,0,0,200367.4,202265.5,241825,154521
160519601003,45363.5,35306.5,136949,0,253416.3,217216.5,586699,104585
160010102252,0,0,0,0,288030,296800,335900,233500
160179505002,0,0,0,0,382030.3,330942.5,781059,134339
160219702002,0,0,0,0,332080,314430,551680,207570
160359701002,0,0,0,0,131034.1,97240,259725,31852
160830003001,0,0,0,0,233907,216825.5,496121,15413
160270210011,41295.5,10500,232744,210,259913,264200,402900,121700
160039501001,0,0,0,0,1005185.4,1057731.5,1428218,610342
160550005003,119211.9,132420,148100,3000,222086,202710,323920,189630
160550010021,200923.3,146028,460590,0,242194,250155,280030,202220
160010103212,0,0,0,0,189140,190750,198700,178500
160699400005,0,0,0,0,193272.4,189015.5,403606,30448
160010024102,0,0,0,0,369780,367400,399900,339100
160199706012,80239.9,90550,147600,0,118094.9,109931,167886,96968
160879702004,2225.2,0,20000,0,377241.3,342135.5,732229,100173
160479601005,8814,0,88140,0,132748.3,125282,209860,59066
160179504004,6708,0,67080,0,226202,183404.5,476918,112671
160199713023,132407,119725,413406,0,144193.8,141057.5,177067,126989
160010103133,0,0,0,0,364020,354050,424100,327600
160270207002,149404.1,114535.5,349617,573,263748,228660,484360,151700
160270210024,46094.3,48495,66500,16245,110673,85850,254730,69200
160010102251,17550,0,175500,0,305080,307900,341000,268300
160830010002,10546.2,0,105462,0,196992.7,188365.5,260734,126942
160830006002,0,0,0,0,219379.2,210174,413806,98167
160010008034,0,0,0,0,257850,270900,310400,196300
160879703003,17280.9,0,93650,0,378251.9,342135.5,742335,100173
160010019001,0,0,0,0,189860,194900,219800,157800
160219702004,0,0,0,0,258868,246850,372330,174730
160879703002,0,0,0,0,317863.4,322707,658129,100173
160759603004,0,0,0,0,231898,194710,472500,138050
160759604001,0,0,0,0,366447.3,322707,742335,100173
160759602002,7500,0,75000,0,331559.5,334534.5,658129,100173
160830014001,0,0,0,0,302250.1,295018.5,476358,146546
160830009002,0,0,0,0,380296.7,347783,858736,227561
160830012002,0,0,0,0,185421.4,165524.5,368470,151548
160830012003,0,0,0,0,164193.8,166623,202200,146026
160359400007,0,0,0,0,209227.1,171480.5,514932,94628
160010005005,0,0,0,0,200930,175050,285900,151400
160550002005,323298.2,169600.5,1345814,15165,276417.3,264268,463377,135167
160830003002,0,0,0,0,202942.8,165379,615207,30466
160830005004,6970,0,65000,0,123969.3,127097,259028,30583
160830015001,0,0,0,0,254178.4,238644,403201,179674
160830013001,0,0,0,0,279610.5,304527,417113,88450
160830007004,0,0,0,0,151632.4,143850.5,203675,108108
160830008001,6066.6,0,60666,0,111559.5,104752,161095,69254
160830010005,0,0,0,0,147315.9,150409.5,171424,102302
160550017003,36377.2,5000,148001,800,344279.4,292704.5,802904,133097
160550017001,225969.9,185490.5,576000,5965,444844,393481.5,1057348,249520
160010023132,22000,0,220000,0,374120,329650,527100,277600
160459603002,0,0,0,0,160471.7,162874,237312,104826
160719601001,4600,0,46000,0,68861,64001,129018,11690
160830003005,14500,0,145000,0,265667.2,266602,617177,108604
160550008002,194240.4,175180,328000,88934,293420,247795,610960,194800
160550009003,117298.5,120198,195177,40000,165290,161100,219820,114540
160550016002,170053,155654,391278,70585,1208414.1,814299.5,2217990,499342
160550003012,124632.6,83792,311954,45000,243690.8,246116,341102,144018
160550003011,156292.3,165637,349000,0,304866.6,278775.5,583134,181410
160550004011,168557.4,156600,257838,104000,259797.9,209845,733939,184100
160799603003,5463.2,0,54632,0,115714,84689,308637,24880
160799604003,6428.3,0,64283,0,115714,84689,308637,24880
160439703004,88952.4,75047.5,207000,23900,48301.3,47186.5,69841,28273
160099501003,80509.9,76500,173904,0,87085.8,76247.5,217286,13950
160799603001,0,0,0,0,106439.9,81306.5,308637,24880
160799604004,11252.2,0,112522,0,106439.9,81306.5,308637,24880
160359701005,6750,0,67500,0,140727.1,156492.5,284922,31852
160479601003,24243.4,0,122534,0,161728.4,133952.5,351643,81107
160479602003,0,0,0,0,163236.5,164608,282848,79503
160799602003,0,0,0,0,106439.9,81306.5,308637,24880
160550002001,94626.1,45470.5,363740,0,252802.9,256852.5,407839,109075
160399603002,68835.6,68932,145337,27320,69572.4,71523.5,127915,30888
160399601003,72055.5,60845.5,190927,0,150991.6,111835.5,640416,23276
160010015002,15598.4,0,155984,0,180430,188200,201700,155000
160399602005,110132.7,119886,231333,0,233355.8,215518,440075,183943
160399602003,84955.5,84653,144900,39659,118875.2,115237.5,164784,78370
160399604001,148200.9,114193,299929,75710,180638.9,160783,306989,104963
160399605001,115634.5,116714,225000,9000,118768.9,117664.5,199167,34654
160679702001,0,0,0,0,219071.6,193620,448844,26468
160679702004,0,0,0,0,177204.2,185978,304818,77233
160679703003,0,0,0,0,143155.8,137599,215301,84870
160679704001,0,0,0,0,103886.5,86425,193701,47500
160010008022,16150,0,161500,0,311440,274450,447100,219400
160270215001,28729.3,14114,86500,207,82290,80100,104600,57400
160119504002,0,0,0,0,143762.7,140886.5,200859,90140
160699603003,0,0,0,0,174386.7,171299,241885,107533
160759602003,0,0,0,0,243322,257941,472500,72500
160550020001,207889.9,223320,396071,0,247618.8,256436,348306,145095
160119502001,7116.1,0,37000,0,125170,132084,214694,33351
160050011023,111074.3,121014,176369,0,75070.5,72586.5,119224,60040
160179504002,0,0,0,0,603540.1,489764,1117934,263580
160270204024,44925,31501.5,147054,190,102320,90350,169200,78000
160599702003,0,0,0,0,322188.2,277799.5,679357,131356
160179504001,0,0,0,0,420112.5,448630,495121,109826
160319503001,0,0,0,0,109996.4,117474.5,152582,34239
160699609001,0,0,0,0,193734.7,183803.5,317627,146230
160179508004,0,0,0,0,170526,163826.5,318688,84728
160499400003,0,0,0,0,67480.7,52677,204839,5138
160879702001,0,0,0,0,378251.9,342135.5,742335,100173
160099400003,53423.5,22500,254341,0,237641.3,231881,428725,41460
160010003031,0,0,0,0,379890,377100,423300,355600
160010002021,0,0,0,0,709850,537500,1541900,334700
160010002022,21120.1,0,211201,0,288560,322650,390200,0
160010103321,32020,0,208000,0,269860,270600,302100,242300
160010005003,0,0,0,0,376780,387150,437400,289300
160010006006,0,0,0,0,465080,488100,668300,275400
160699609002,0,0,0,0,192273,195511,272008,116276
160010006001,0,0,0,0,452580,354750,949100,196200
160010007013,0,0,0,0,157820,141000,224800,141000
160010008032,13.5,0,135,0,259630,248550,330400,229600
160010009001,0,0,0,0,198160,178800,521900,0
160010010002,0,0,0,0,149010,149750,192600,98200
160010012011,0,0,0,0,300070,302900,401000,195200
160010012022,0,0,0,0,181050,167100,317600,102000
160010015001,0,0,0,0,219200,206550,287700,190000
160010016003,14102.5,0,141025,0,167250,174900,235700,114400
160010018001,0,0,0,0,189150,172050,261100,145800
160079501003,0,0,0,0,167420.6,152927,307987,61254
160010020003,0,0,0,0,305420,295850,370200,273400
160010020001,0,0,0,0,152770,155600,167600,121200
160010024132,0,0,0,0,408670,438150,508000,254300
160659505003,0,0,0,0,220013.4,210049,373272,96507
160010021001,0,0,0,0,186180,172900,269900,137400
160010022241,0,0,0,0,231940,244250,264500,174700
160010023131,0,0,0,0,212400,207000,250000,185400
160010024101,13950,0,139500,0,238150,238050,273200,202000
160010103311,0,0,0,0,248410,246900,304000,219900
160010103211,0,0,0,0,271740,274900,398600,208500
160859702002,0,0,0,0,969533.5,973096,1643209,380073
160010001002,0,0,0,0,401710,451050,712900,102500
160079501002,0,0,0,0,62525.6,68822.5,103713,31034
160439702001,73368.6,50630.5,277379,1000,446015.1,486485.5,978912,52225
160459603005,0,0,0,0,177326.1,176464,278796,118697
160459603004,0,0,0,0,274520.4,277840.5,360812,165129
160459601004,0,0,0,0,243782,228765.5,427894,77655
160459602002,0,0,0,0,187896.7,177799.5,279486,89037
160319501003,0,0,0,0,132540,112841,251059,49098
160319505004,0,0,0,0,188786.3,191227.5,271429,79441
160519604002,113680.9,101415,304126,0,245182.6,210142,686566,102360
160239701002,0,0,0,0,93122,106890,139380,24460
160519604003,89634.1,82060,249179,0,244046.4,250177,401389,113141
160519604004,97352.4,95941.5,201750,0,240109.9,244398.5,356935,24000
160439702002,70001.7,65200,133224,15000,153393.9,152360.5,287287,69069
160439703006,40606.4,11062.5,138751,0,133051,101088.5,276150,43032
160439703001,100571.2,93391,176000,24000,162152.7,137911.5,343546,49147
160439703005,65744,53113.5,207000,22900,102785.2,90987,210088,46896
160519602001,78788.8,59000,234000,0,222339.5,186949.5,484861,63167
160519602003,96714.7,80173.5,187132,2082,267712.1,200548.5,652448,118486
160659501001,0,0,0,0,236038.8,189054,649570,84541
160659502001,10700,0,71000,0,131862.2,134874.5,217270,58207
160010102212,0,0,0,0,416300,380750,613100,329800
160659505002,5300,0,53000,0,264497.6,217024.5,414270,115108
160639501001,0,0,0,0,117832.7,106566,212901,74956
160539705002,0,0,0,0,203138,183550,424253,73836
160539701002,17101.2,0,171012,0,59307.3,58140,102655,19243
160539703004,0,0,0,0,61617,60032,68578,60032
160539703002,0,0,0,0,101065.3,86291,172141,56215
160539705003,5084.3,0,50843,0,103905.1,70711.5,305239,46689
160539704001,0,0,0,0,58686,61358,83408,30000
160519602002,43780,43500,128132,0,165076.6,160425.5,280668,66647
160639501003,0,0,0,0,109577.9,74182,209612,39437
160659503021,0,0,0,0,156150.7,163737.5,248441,75459
160050007001,55042.5,60014,115000,0,93839.4,74922.5,240900,60040
160859703002,0,0,0,0,395881.8,428713.5,605204,185096
160199712004,98044.1,70745.5,401748,0,91007.8,79608.5,195775,34281
160199713013,116147.5,101173.5,413406,23401,144579.3,142319.5,176780,118630
160199701002,669226.2,74181,5610000,0,226007.6,162377,498607,52255
160199701003,40176.1,0,259261,0,282582.8,264040.5,607414,104850
160199703004,74511,50000,249179,0,192763.7,197512.5,322679,85560
160199704011,151920.9,168645,286738,0,310129.9,309029,365176,261341
160199704031,92810,101101,156820,27900,187265.7,218213,278315,12531
160199705022,49989.8,54000,125000,0,140174.1,130071.5,219045,87639
160199713022,74854.2,80941,207094,1220,27717.3,24509,44038,19506
160830002003,0,0,0,0,115713,115805.5,134040,103212
160199707004,94542.9,78000,299000,0,156074.4,157046.5,169752,131793
160199710001,69471.3,66012,109265,44000,97047.7,101142,142064,66555
160199710004,71465.6,71040.5,107401,44000,133661.5,125443.5,209173,81605
160010104011,0,0,0,0,326250,293100,518700,186400
160010104013,0,0,0,0,227080,218350,279000,193900
160010105041,39834.3,0,398343,0,473330,464400,518200,416100
160199709003,99058.1,102450.5,195000,0,226211.9,217000,334702,180988
160199714004,171266.1,180515,348207,0,280803.3,273484.5,469077,155717
160199714001,35526.2,17939,94500,0,194879.7,196954,345570,101690
160199707001,91736.4,74822,159245,49500,94222.9,95396.5,109526,82107
160719601003,0,0,0,0,78889.6,80019.5,114510,28936
160319503002,0,0,0,0,225244.6,192032.5,411358,88630
160659503024,0,0,0,0,106910.9,102171,132311,96751
160659504003,0,0,0,0,190972.2,192260,228648,152154
160010024133,0,0,0,0,206890,202600,289100,158000
160010024103,84473.9,0,305014,0,223810,242550,301300,0
160010024131,0,0,0,0,225010,245150,306900,0
160010103223,0,0,0,0,213080,207900,248500,199100
160010102011,0,0,0,0,555410,443750,1278200,333900
160319502001,0,0,0,0,144491.6,151373.5,203230,83472
160319505003,0,0,0,0,179679.1,156815.5,512091,55242
160619400022,20331.4,6907,100500,0,200910.9,223014.5,283192,41037
160319503003,14194.1,0,141941,0,96764.7,104832.5,115466,70103
160199713011,59525.8,27000,144000,14000,206666.1,216287,260563,140695
160199701004,136436.7,90225,317700,0,292518.8,269948,467395,181510
160819601004,3150,0,31500,0,366074,361926.5,436695,322074
160819601001,26433.6,0,264336,0,288517.1,278938,422112,178212
160570055004,0,0,0,0,154267.8,80082.5,417588,24011
160570056004,0,0,0,0,154454.8,151799,294960,26342
160570055002,0,0,0,0,127042.7,90892.5,417588,24011
160570055003,0,0,0,0,154267.8,80082.5,417588,24011
160570052001,0,0,0,0,226510.3,240000.5,375308,63675
160179503004,0,0,0,0,792888.9,748419.5,1552958,391820
160570052005,0,0,0,0,230996.7,237776,375308,63675
160570053006,0,0,0,0,242425.4,245375,375308,83041
160570053004,0,0,0,0,223264.2,237776,375308,63675
160570054001,0,0,0,0,206413.9,200351,375308,63675
160570051004,0,0,0,0,218724.8,237776,375308,63675
160570052003,0,0,0,0,247034.6,246054.5,375308,63675
160419702003,0,0,0,0,257341.4,251644,353291,186974
160419701004,0,0,0,0,179500.5,167712,336033,74541
160379602004,8668.9,0,86689,0,262429,219200,585310,52640
160419702004,0,0,0,0,212267.6,207953,339367,47400
160039502002,1000,0,10000,0,158346.3,145809,296925,43092
160419702001,0,0,0,0,139322,120272.5,251636,57151
160679703002,0,0,0,0,167438.2,146055,394307,58380
160619400021,57093.2,0,239700,0,236338,155370.5,921989,42331
160270201001,79508,98344,186000,0,120330,116200,160000,103000
160270205031,94610.8,99500,173160,31500,144720,144650,155100,132700
160270219031,85900.5,78637.5,242020,0,324101,305270,522640,158400
160270206011,108206.6,109207.5,144056,63751,135310,133250,149600,123900
160270211003,113801.6,122902.5,164614,1067,142940,143700,152700,130100
160270210021,124997.1,107337.5,206764,66800,523520,504700,790200,377400
160270205012,90841.8,93955,151008,60300,141840,140200,169800,112700
160599702002,3500,0,35000,0,334406.6,257329.5,1198415,39794
160270209023,149900.7,109506.5,439378,4042,222090,195150,356600,133600
160270209012,153019.7,159444,207000,91000,228552,187440,557340,136500
160270204012,112944.7,110792.5,224373,51800,134400,134550,157000,121000
160270206026,99526.1,91050,179890,37926,137290,131800,191000,119700
160550001002,140147.2,116191.5,272178,0,329987.3,308082.5,502755,271997
160550003023,88847.2,75400.5,196400,0,267677.2,281447,322612,185877
160550010013,124581.8,130720,202500,0,251977.1,234135,340820,182000
160550008001,173007.8,161423,271272,60000,312433,306700,470200,233990
160550014002,124374.2,90081,306801,0,451860.1,370540,851206,242868
160299601004,0,0,0,0,199797.2,189206,382377,77514
160830010004,0,0,0,0,122348.6,106694,295869,73434
160299601001,0,0,0,0,141512.6,66078.5,400172,23890
160739501011,117260.8,106908,277804,5000,231754.9,213688.5,475837,64608
160050011022,250063.3,103712.5,1638656,2000,75070.5,72586.5,119224,60040
160050011011,179283.7,160895,310000,114702,75070.5,72586.5,119224,60040
160050015004,117987.5,102356,200000,73000,77351.9,74686.5,133765,60040
160050006001,206478.1,165954.5,378581,131666,92741.6,74922.5,240900,60040
160050009001,55442.4,55229.5,128509,0,76168.3,74686.5,119224,60040
160050010002,75756.7,82678,108069,12200,76168.3,74686.5,119224,60040
160050010003,123456.3,104027,370000,0,76168.3,74686.5,119224,60040
160050015003,87364.3,89738,106031,70200,77351.9,74686.5,133765,60040
160199711005,81622.1,76707.5,113748,48750,115804.9,112233,153865,83902
160050016011,75403.8,56305,155000,28650,97523.5,74922.5,240900,60040
160059400001,11300,0,113000,0,165457.8,170325,232156,61300
160050019001,61297.1,68842.5,127542,500,103147.8,75809,262456,22223
160010002023,0,0,0,0,501070,535950,600800,337600
160010002024,0,0,0,0,405660,392750,457300,357200
160010103354,0,0,0,0,260630,240600,470600,208200
160059400002,160143.5,15000,686708,0,97307,68403.5,328364,48450
160050002003,166657.8,185783.5,348900,0,87633.6,74922.5,181372,60040
160050005001,63113.3,44163,145376,0,131494.1,130547,232156,48450
160050006002,170767.2,121960,775402,350,75070.5,72586.5,119224,60040
160550014001,134155.3,156723.5,216487,0,232858,226970,345720,195680
160010102253,0,0,0,0,812470,784150,1193800,497400
160010103342,0,0,0,0,206710,186200,340100,173200
160010002012,0,0,0,0,813670,710850,1522000,446800
160010012023,0,0,0,0,208880,218450,286000,129600
160010022243,0,0,0,0,219340,212400,247600,197100
160010007011,0,0,0,0,744620,622600,1350300,379900
160010024121,0,0,0,0,458800,444950,781800,253700
160010022242,0,0,0,0,300070,311900,347100,245400
160010102241,37840,0,378400,0,788500,730100,1068100,579500
160010103341,0,0,0,0,185790,178850,301200,21100
160830008005,0,0,0,0,125141.2,113259.5,170187,102435
160679703001,0,0,0,0,190083.1,188825.5,320212,72541
160010023024,0,0,0,0,203000,183400,404400,142500
160270219011,108351.5,116621,169486,49096,148704,142100,188400,122800
160270204011,85531.4,74257,180000,34616,162443,126150,527930,81800
160270211001,88348.8,875.5,332540,0,290708,251110,560990,194500
160270224001,174474.6,137989.5,360000,0,264030,256030,414360,144340
160270203002,78506.3,55812.5,171542,11146,100760,102300,133800,64200
160270203004,71915.2,61571.5,169629,2854,117560,115650,159600,91200
160270221003,47962.4,22889,191863,2150,229263,222010,400100,121860
160270221002,63415.3,20491,196835,286,186892,180000,311210,97420
160270217001,71994.2,74610.5,130714,414,133190,130250,159100,123100
160010004004,0,0,0,0,258790,252550,420000,147500
160270212002,109527.6,95042.5,196200,45901,176697,179550,252010,108200
160270215002,63492,63000.5,199976,0,137982,140100,178100,78820
160270216001,64491.8,50645,160000,10000,109285,111175,156000,64100
160270223001,52983.9,57689,140342,167,345063,313415,547660,155780
160270223003,208534.8,232060.5,351389,0,347200,351495,531290,178650
160119503001,0,0,0,0,159162.3,117777.5,315345,103553
160119505002,0,0,0,0,87962.4,87742.5,108573,68362
160119400002,0,0,0,0,105082.5,112100,195214,24000
160119506004,0,0,0,0,198197.4,203728,269210,117314
160119501001,0,0,0,0,191086.8,197176,240350,137600
160419702002,0,0,0,0,168182.7,165023,231188,101499
160119503002,0,0,0,0,109695.9,106323.5,193986,33910
160119504005,0,0,0,0,114522.8,117042.5,137484,91798
160119504004,0,0,0,0,123709.7,121586.5,222378,67005
160779601002,0,0,0,0,152509.5,135095,264050,72110
160119503003,0,0,0,0,96612.7,79455,198621,15320
160619503001,15399.6,0,152796,0,164287.2,115110,558456,500
160699607001,10438.1,0,104381,0,84137.2,72270.5,159400,48280
160699610002,0,0,0,0,166775.4,178218,236014,102119
160699400001,0,0,0,0,218256.7,213229.5,336669,117107
160499400001,0,0,0,0,132109.1,131918.5,216868,38308
160199703002,108240.3,89587.5,218726,0,185391,186712,309443,76034
160499400002,0,0,0,0,126785.8,136769.5,204839,6254
160619400023,45347.4,15000,164554,0,166222.4,187991.5,243951,31079
160699608003,0,0,0,0,273560.6,260599,448067,212686
160699610003,0,0,0,0,240447.6,210892.5,462753,158213
160699606002,0,0,0,0,174067.6,167149.5,271034,138504
160779602001,0,0,0,0,250100,220895,614568,109200
160779601001,0,0,0,0,132841.3,118803,316952,36959
160499400005,0,0,0,0,200024.1,168677.5,354335,131007
160619400011,14467.3,0,144673,0,187911.1,164176.5,460210,9150
160779602005,0,0,0,0,208691,229127.5,360700,88050
160799602007,0,0,0,0,126715.5,115450.5,255220,24880
160119507001,0,0,0,0,167174.9,146480,280390,104080
160479602004,0,0,0,0,188969.2,161625.5,478863,70704
160799603005,0,0,0,0,106439.9,81306.5,308637,24880
160819601003,0,0,0,0,421549.1,435308.5,688614,168696
160010008031,0,0,0,0,200920,191500,234400,182600
160550004021,162746.8,174857.5,216750,95116,261644,249540,337260,190670
160399601002,46529.9,43235.5,111047,0,159443.1,129931,403070,59787
160550018004,157091.3,147300,290447,100001,203456.5,201755,239455,181950
160199712001,63405.3,63671,140000,7412,80069.6,79083.5,118085,50973
160570056003,0,0,0,0,175856.5,159647.5,344141,54943
160499601001,0,0,0,0,14657,13222,27324,4767
160479601006,0,0,0,0,92257,82855.5,158135,62884
160539702002,0,0,0,0,182297,149297,480581,85903
160559400001,250726.2,189070.5,1000000,0,767326.9,162462,5662538,28879
160659504001,0,0,0,0,203368.4,206486,388933,8280
160199713021,83890.5,24406,413406,0,136479.4,136540.5,166662,99893
160179505004,0,0,0,0,184969.2,182567,388681,69954
160050012003,108387.9,103106,199147,27017,70612.1,72540,79508,60040
160050019003,34018,10750,149680,0,201279.1,196714,382377,31363
160179508002,0,0,0,0,239464.2,210640,418756,97008
160010006003,0,0,0,0,420210,353600,752200,226400
160179506003,0,0,0,0,170189.7,165031.5,266786,108762
160479601001,0,0,0,0,160982.8,116645,578920,40508
160010014002,0,0,0,0,182450,192300,232100,77800
160570051002,0,0,0,0,218724.8,237776,375308,63675
160199712002,75548.9,76911.5,140000,7412,101080.9,104970,125490,60915
160219701003,1600,0,16000,0,172909,177725,485120,41610
160270222001,94824.5,62840.5,288000,440,249727,219230,424500,118360
160570051003,0,0,0,0,218724.8,237776,375308,63675
160179507002,0,0,0,0,228774.7,242887.5,462636,66760
160359400004,0,0,0,0,202943.8,200296,514932,18120
160010008042,0,0,0,0,304280,302000,312200,300000
160010009004,0,0,0,0,208340,211300,286600,0
160319501001,0,0,0,0,141247.7,135793,196387,92590
160099501004,67112,37015,204045,8386,106090.6,78497.5,298972,22845
160270217003,48151.6,35975,128554,255,140300,136600,193300,97800
160439703002,99100,100743.5,176000,23963,89674.3,92074,142395,39909
160270221004,52511.7,27729,191863,0,238519,228995,380020,146000
160739502002,85699.5,42540.5,411855,0,168827,124709.5,341181,43872
160550003022,149595.3,150351.5,200083,109901,195039,193381,212721,181741
160270209021,133702.5,139880,229153,0,283581,250680,526900,138500
160759603001,0,0,0,0,233744,222630,472500,72500
160199705023,134176.4,125000.5,245670,11600,200361.4,184210.5,302383,161504
160179502002,0,0,0,0,174659.3,171469.5,264280,98344
160739501022,91702.7,80674.5,220362,0,238832.3,239742,422306,106835
160399604003,108677,104118.5,249330,35200,61838.1,51321.5,90397,45876
160179504006,0,0,0,0,755894.3,732157,1360245,417098
160199705021,47537,58500,100000,0,104758,104944,105527,102517
160459603001,0,0,0,0,202444.1,194780.5,300913,153956
160050002002,174991.3,124460,537982,0,75070.5,72586.5,119224,60040
160799604002,13677.4,0,136774,0,106439.9,81306.5,308637,24880
160119506002,12492.1,0,124921,0,178256.7,175928.5,271813,128835
160319503004,8112,0,81120,0,86241.2,82622.5,137785,46466
160010103332,0,0,0,0,296220,311600,355000,203200
160830004001,0,0,0,0,244239.8,244099,323229,140508
160010103131,0,0,0,0,406000,359500,887200,188900
160119502002,0,0,0,0,147900.8,136674.5,259932,87264
160679705004,0,0,0,0,144896.2,116885.5,340255,79881
160799602005,0,0,0,0,172048.7,158749,321376,64717
160319501002,0,0,0,0,84649.6,80326.5,178028,14024
160139605002,551574.9,349276,1200000,0,2043526.4,2217850,2781062,1459707
160199706013,103315,98600,142000,75000,162330.4,160585,188622,143073
160010004002,0,0,0,0,174980,178350,194600,141800
160830004004,0,0,0,0,75952.9,68196.5,144681,34191
160199706011,62395.4,69884.5,94000,0,97805.6,99125,125521,72315
160139602004,144018.1,123327,302426,38500,207340.6,191095,295030,143932
160830013005,0,0,0,0,114318.7,110560.5,140955,101732
160179505003,0,0,0,0,213460.1,159427,429899,91287
160659503023,11200,0,112000,0,194833.2,194496,322023,76293
160199711004,72335.6,64250,110933,46500,108741.9,96765,169223,75335
160010023122,0,0,0,0,199580,168950,262300,165700
160830002002,0,0,0,0,153635,148624,206770,116450
160559400003,43446.8,3987,379315,0,173370.1,169927.5,272383,43916
160459601003,0,0,0,0,253987.8,243035,381231,169251
160539702003,0,0,0,0,165796,143036,314626,117783
160819601002,0,0,0,0,219787,224753,353086,94981
160550006012,181248,160072,396000,28294,240931.4,219450,335438,160150
160830007003,0,0,0,0,145479.5,144006,226861,102189
160270207001,108449.5,72000,330000,0,290640,259680,465320,176700
160499603001,0,0,0,0,199247.1,190697,325959,500
160559400002,443481.9,294450.5,1000000,50000,251352.7,256928,438298,54098
160699400004,0,0,0,0,247573.2,238341,487179,105220
160299601002,0,0,0,0,196506.4,172210,400172,23890
160139602003,311735,249635,961554,50000,346527.4,331756.5,556828,206384
160119501003,0,0,0,0,324360.6,308265,508770,152308
160830003003,0,0,0,0,179660.8,179572.5,314346,52821
160199715001,57500,7000,163800,0,275950.3,185950.5,1319310,52764
160010102211,0,0,0,0,676540,687050,937100,453300
160830009001,0,0,0,0,252746.5,247865,344343,203561
160759601001,0,0,0,0,417537.9,346043.5,742335,100173
160010007021,0,0,0,0,834020,740550,1385700,487500
160199703001,108512.9,93312.5,265655,3000,194284.2,161122.5,431002,70889
160830008004,16500,0,165000,0,189532.4,201906,264573,103539
160179507003,0,0,0,0,162924.6,134463,532306,63093
160179501001,0,0,0,0,223996.9,160740,536736,85610
160599701002,0,0,0,0,365740.7,308478.5,787639,136341
160199704012,121014.9,57919,670000,0,207736,218215,304091,52680
160859703001,0,0,0,0,760497.6,657610,1803839,183201
160050003004,78259,80181,123313,15000,74246.1,72540,133765,48450
160830007005,0,0,0,0,218253.3,254951,318388,102572
160779602002,0,0,0,0,146922.5,142750,183625,126425
160879702003,0,0,0,0,378251.9,342135.5,742335,100173
160479602005,0,0,0,0,201310,130938,438559,94190
160799602001,19004.5,0,141968,0,135807.9,81306.5,387992,24880
160659502003,0,0,0,0,164956.2,155586.5,209772,142251
160439702004,60778.3,71836.5,141119,0,123758.7,93410.5,268855,67265
160550018001,299164.6,180801.5,1275000,148424,327285,325705,436660,242280
160550005001,158008.6,150555.5,236279,49877,221322,224140,243640,187790
160010008041,0,0,0,0,443880,457400,555500,319300
160119507003,30829.6,0,166296,0,143838.4,129300,254749,92480
160830008003,0,0,0,0,79500.5,83188.5,99282,48624
160699604004,0,0,0,0,238004,232398,323267,187732
160830005003,0,0,0,0,296062.3,274366.5,585575,162928
160830006001,0,0,0,0,310758.4,261419.5,738187,178831
160719601002,8500,0,85000,0,154389.3,101714,396685,43668
160550006022,141083.9,125800,285000,0,193162,180340,258290,157950
160759603002,0,0,0,0,233744,222630,472500,72500
160099501001,28726.7,0,116000,0,127567.2,73181,326530,41857
160439703003,57654,49896.5,156674,0,119942.7,96312,330757,51191
160570054002,0,0,0,0,218724.8,237776,375308,63675
160550017002,264050.6,242221,880928,0,474449.5,382852,1038849,261269
160830011003,0,0,0,0,101771,101032.5,188657,35830
160179504005,0,0,0,0,412429.1,414492.5,518216,299076
160830013004,13668.5,0,136685,0,118236.4,114650,160970,81089
160799604001,0,0,0,0,106439.9,81306.5,308637,24880
160659504002,0,0,0,0,83134.8,82996,84384,82996
160270218003,194657.1,140000,637812,105000,291905,296210,335500,224900
160179503002,0,0,0,0,192211.2,181744.5,262623,134459
160479601002,0,0,0,0,230738.3,213306,473163,75826
160539704003,728.2,0,7282,0,111321.6,96900,229669,77190
160199705011,95382.1,102750,225000,0,234684.9,224071,409005,56099
160319504003,0,0,0,0,108628.2,97911,193485,39413
160139603001,492688.6,149167,2219440,0,913359.6,869823,1447173,469624
160010011003,0,0,0,0,167030,184550,265800,54600
160519601001,58197.6,43695,149140,0,129786.8,118082.5,195766,59570
160179509002,0,0,0,0,225421.5,204103.5,473155,105267
160550015003,125076,126513.5,257001,9990,238751,223680,377180,180840
160799603004,0,0,0,0,106439.9,81306.5,308637,24880
160079502001,0,0,0,0,131607.9,135588.5,181076,57470
160739501012,58170.7,61775,115957,0,89596.7,91550,157690,30497
160359701004,0,0,0,0,113361.3,101724,283314,5450
160270209013,185910.6,147649,351397,3514,224028,238730,288100,130200
160270219012,87824.2,89700,195135,29658,174295,154050,275370,106500
160830011001,0,0,0,0,124471.2,101283,325574,77558
160010102232,10980,0,109800,0,192880,184050,232800,170800
160010007012,0,0,0,0,365220,370350,427800,321500
160050004001,139447.7,148774,205082,0,143816.2,147182.5,232156,64189
160050017001,65115.5,1201.5,232878,0,104512.6,76271,240900,60040
160059818001,81265.2,31494,213773,0,119937.2,99366,262456,52750
160050016023,95183.4,76104,176400,23401,110670.3,76271,240900,60040
160199713024,139928.6,114550,338501,0,186585.2,182093,227904,143608
160199707003,74065.8,45545,299000,0,81941.1,79690,107912,57490
160199714002,70746.1,22873.5,281714,0,217258.5,193434.5,393729,52282
160199711003,88507.9,89994.5,122400,46500,105411.2,102776.5,156155,75575
160359701003,11479.2,0,87735,0,151853.6,156492.5,284922,38308
160270218001,123312.6,107350.5,396952,36000,222913,173925,456260,88010
160270204021,113695.6,115016.5,185092,72540,100346,103150,142600,64800
160270204014,58612.9,49532.5,114000,25000,127430,117800,188500,72700
160270212003,387061.4,117494.5,3045786,123,172718,143210,331000,65100
160699605003,0,0,0,0,376376.3,341602.5,660759,185334
160010003021,13195.3,0,131953,0,180940,178150,208800,153100
160779602003,0,0,0,0,120563,109110,265800,27700
160679701002,8000,0,80000,0,205235,166480,563850,64640
160830010001,0,0,0,0,95923.2,91044,142307,64110
160550006021,182163.9,167500,500000,0,139624,144510,190970,94600
160479602006,15990,0,159900,0,99643,93068.5,139670,47046
160550007003,138383,137506,211500,98100,193767,194420,245540,164940
160050016032,83451.7,85551,103433,53796,93839.4,74922.5,240900,60040
160550003021,88525.5,87180,184790,0,422169.3,409231.5,674260,218857
160199712003,64433,62264,103122,21840,88608.1,102855,113570,37458
160199706031,111347.7,94501,458811,0,205634.3,197711.5,308260,169515
160659501002,0,0,0,0,175368.6,161530,257503,121437
160659503022,8360,0,83600,0,106251.4,105619,109141,105259
160010023022,0,0,0,0,142680,115500,406600,105700
160010103351,0,0,0,0,347370,362650,426500,231500
160010005001,0,0,0,0,220600,205500,356700,177300
160010008021,10000,0,100000,0,247910,249100,265200,234600
160799602006,0,0,0,0,28428.2,26565,44370,16110
160010010001,0,0,0,0,678660,649850,1663100,258100
160010017003,0,0,0,0,205380,199200,277200,174700
160010020002,15450.8,0,154508,0,170790,162100,252100,0
160459601002,0,0,0,0,209055.9,189862,321913,150014
160010104022,25393.8,0,253439,0,288500,277150,378200,206600
160079501004,0,0,0,0,119648.1,110888.5,217447,53705
160010102012,45500,0,455000,0,667550,643550,1018600,521100
160010022213,0,0,0,0,292810,308200,413600,0
160550018003,250946.5,188500,670000,47300,468762,492548,848902,1000
160299602002,0,0,0,0,142288.7,47704.5,464137,23890
160759602001,67220.1,37500,193700,0,240134.8,242005,472500,72500
160570053002,0,0,0,0,247034.6,246054.5,375308,63675
160010101001,0,0,0,0,749370,785250,1059800,513000
160359400008,0,0,0,0,193979.6,148534.5,514932,94628
160479602002,0,0,0,0,162844.4,168112,214676,96471
160699400003,0,0,0,0,216262.6,163889,711733,25521
160179504003,0,0,0,0,176083,163985.5,212832,150641
160010005004,0,0,0,0,561890,480150,1348200,339400
160550018002,235113.6,127857,700099,0,371271.3,365665,590210,278410
160139601004,168179.5,127360.5,552075,0,235793.7,219311,331129,181759
160179505001,0,0,0,0,86334.1,91666,124168,49278
160879702002,0,0,0,0,378251.9,342135.5,742335,100173
160659503014,0,0,0,0,146401.3,146777.5,174776,105610
160679705001,0,0,0,0,258297.3,243394.5,356192,177626
160010002013,0,0,0,0,571790,627700,791800,358600
160010024104,30800,0,155000,0,242340,236750,288200,213100
160010016001,7641,0,76410,0,160570,154150,219500,127800
160639501002,21583.3,0,215833,0,84579.9,74558,155725,39437
160119503005,0,0,0,0,150596.1,115418,480925,44750
160550001001,55685.8,0,262000,0,392490.7,369065,762497,141760
160119505004,0,0,0,0,131493.3,131980,240119,86220
160119502003,0,0,0,0,162500.2,158120,233400,108550
160879701001,0,0,0,0,416371.2,314850.5,1585258,100
160830005002,0,0,0,0,316287,321337.5,485626,144285
160570054003,0,0,0,0,206413.9,200351,375308,63675
160550001003,87716.2,0,297187,0,276114,258623,410925,203061
160270219032,227923.2,261558.5,491768,0,205935,218080,247370,149400
160270217002,82307.4,30767.5,428300,462,181270,173100,262500,113300
160010102231,0,0,0,0,196330,194650,206300,189600
160010103132,29934.3,0,299343,0,388220,408400,425500,262800
160010002011,0,0,0,0,735930,829350,1080900,107600
160270209022,214781.5,235600,442132,0,418056,351670,878360,174040
160699602001,0,0,0,0,187718.4,186407.5,263565,86474
160550012002,141790.9,146774,221000,7991,187423,184150,247900,155880
160619400012,30736.3,0,121013,0,89913.6,82227.5,224217,26808
160699607002,0,0,0,0,442242,395637,797030,271822
160499400004,19400,0,97000,0,135203.7,143842.5,204839,6254
160119507002,0,0,0,0,163951.2,123916,447080,91571
160050019002,80902.1,78158,192799,500,128479.5,137382.5,262456,22223
160539703001,0,0,0,0,123053.6,122024,155632,88436
160699603001,0,0,0,0,192920.7,198100.5,311583,85059
160499602003,0,0,0,0,286156.3,151671.5,1642035,6254
160050003001,103706,118484.5,229000,0,68820.4,72540,79508,48450
160050016021,84995.8,73941.5,134362,61776,97523.5,74922.5,240900,60040
160550013002,132426.4,121088,239000,0,184609.6,185933,251784,144570
160050016031,91872.8,65371.5,252114,40000,93839.4,74922.5,240900,60040
160010104012,0,0,0,0,325320,318000,416500,270800
160539705001,0,0,0,0,213231.9,191056,464901,83999
160119504001,0,0,0,0,187068.3,218402,268055,85842
160119506001,0,0,0,0,165538.9,160803,228478,101300
160499604001,0,0,0,0,969533.5,973096,1643209,380073
160699603002,0,0,0,0,285400.2,270641.5,418813,130874
160830012004,26330.5,0,144606,0,185615.2,180900.5,218743,168033
160010102013,40935.4,0,407343,0,343680,290500,749000,202500
160199713015,59520,27000,153600,0,246622,254008.5,338939,134404
160550006011,199717.9,201204,382500,27000,239005,237145,285780,198710
160799604006,0,0,0,0,106439.9,81306.5,308637,24880
160199704021,158277.5,144406,495000,31000,171232.7,129662,457868,64940
160199715002,0,0,0,0,274788.5,179975.5,1319310,52764
160570057003,0,0,0,0,272293.3,245375,548790,83041
160679702002,0,0,0,0,205907,205585,254990,161800
160679704002,0,0,0,0,123969.4,121612,161752,88116
160679705003,12913.7,0,67415,0,58892.2,67020,84920,30650
