GEOID,STATEFP,COUNTYFP,d_amtrak,d_transit,d_regional_airport,d_national_airport,d_college,d_college_3,d_hospital,d_hospital_3,d_private_school,d_private_school_3,d_public_school,d_public_school_3
560119503001,56,011,237778.4647938979,509962.12792860146,32060.262353890645,97126.12669712541,36942.571202088795,76391.03904992466,4429.504514692661,26848.99842083106,41719.925314032946,65206.424556734666,4389.368360500168,14951.34455769719
560039626002,56,003,223411.59156698312,449499.08003344305,30725.237386684916,65322.94530576486,65857.7502194084,108046.98314696745,24505.46356310136,41812.21369482795,68794.47035434077,84514.03885132597,20899.130407344397,21565.899996763183
560130003003,56,013,131202.2761859452,382921.6186832524,67070.62249724772,45084.86837010643,41656.3957591036,119540.65035783887,41100.12321788967,62823.67429347355,38295.02024870726,47781.09446230533,35099.434188151754,35102.0503402041
560399678004,56,039,245148.93941831018,261777.29473539803,14829.931054171517,105701.2421205675,90384.81495207117,91233.86866495671,1414.743296716218,42060.6096165623,3271.638834594375,3831.0389775328786,895.9573927664218,2558.09403161006
560250008002,56,025,3121.102181333874,352286.5627568713,78899.47895921637,12269.22059080377,1595.1545295113401,117698.28133480158,3472.241996785008,3778.869969309974,873.6028045450381,1588.8873183378,541.037459051321,771.5441222764167
560019634002,56,001,66417.45442824153,172358.19304918524,7131.827900115879,7409.4911113294265,1366.073710565588,24044.357102794675,2661.3319155311715,46692.052996761064,65744.95648237827,66608.68048078261,293.34160468752555,776.9895315840577
560019636002,56,001,65726.51934338425,171623.64184433987,7656.924759568077,7909.081811873961,899.0354469015165,23768.973805963626,2177.9926188293216,46095.16575689825,65105.87910319289,65964.93777556182,602.9030143859809,638.5266289094658
560250003002,56,025,2065.0520199348184,352266.3388421241,75878.38741000781,14264.539277926708,1999.0453400585718,118784.53623437151,634.3689801229457,911.5340339177579,1460.8713570747325,2416.2082016593854,624.1777279944316,1166.7302419279927
560419754002,56,041,83049.71569897562,82691.31647263368,4013.2965313700533,71253.03748435783,80452.79181458942,80832.91567322954,2651.6181185816504,24982.98068671437,62154.62616508904,69977.31040013104,1030.4601451682902,1244.1560073541257
560210013002,56,021,7882.950700562846,147367.79760465954,1580.6817035615666,2215.194299111173,3968.4143797187303,25614.683602506422,3303.388422209254,23583.604654578692,400.80790860494017,1481.7038213074172,768.9419448907879,956.581116356673
560039627002,56,003,239386.35935302806,461529.6832386139,19899.545629529344,57000.8981837055,49241.606474898465,102558.48690935674,20898.48641195804,37429.21702247116,60756.224014249994,86596.28678635838,9672.710741523735,9676.910696593952
560139405003,56,013,169165.14818024824,354092.1418610805,36124.93571385849,7522.292473290139,3410.7986001496924,115517.93539182063,2945.3670539442296,36598.32996492413,418.78690615477956,12433.513710723933,734.3777366018044,842.0603864474523
560099566002,56,009,48750.80607670481,322220.48873009,36180.617355886425,61110.98170309219,47742.25850687224,115376.17381710422,34957.862572912294,39414.127123232225,45436.46030119448,47090.85472143164,8161.147753815399,14029.567022542486
560210009003,56,021,5630.690825772052,144965.5366296676,918.2725459152349,1739.9061500124935,1599.9937962699148,24357.94244572415,1013.2057966780252,22776.521769640436,963.8747026802583,1619.718342485143,376.9173782280968,795.3813093840207
560210011001,56,021,7079.475449064224,147101.2564298803,3581.5672324562483,4766.392832030275,4949.988087721726,25443.692871154693,4580.798164672404,23919.361938168764,2738.0052806958515,3686.302160687808,2088.9869131190526,2249.445891499148
560299652001,56,029,288015.37963923614,466542.5031584714,12364.013637510468,34661.783653423874,1070.33167641486,77083.42510845338,1931.7408294690579,22636.77420920476,37177.319720616375,72356.33653324124,371.8214904965498,662.0228563849932
560159577001,56,015,63571.9101519628,282690.91495603626,34933.712108966836,83187.91560056344,35596.42776109865,66026.6190771241,35177.25458797888,38496.1264503315,36453.76017711677,50992.04217894806,27143.564596031276,27146.67056853362
560379707001,56,037,54469.68499085509,181292.44520508725,31024.031910778718,68801.25766249439,56664.08300338066,107974.14303810762,56361.711140502055,66362.32795338659,36766.785317503454,62803.03451285654,30901.158256695242,31611.50260414375
560199551001,56,019,132811.03362209123,485691.58427458175,39953.52333220307,87232.52222796009,85923.77719678654,132825.41600160612,36379.716798553,72518.83658879987,36114.67044251966,71584.21675412176,34102.336540098215,35040.72081219122
560210015023,56,021,10019.69233575286,144717.0180101269,6007.467315164059,4799.955294616111,5772.450010435796,27064.811232725784,3169.535926494075,26046.043073496472,4968.337346405264,5476.173724722275,845.4429404377507,1192.8712843814046
560139403005,56,013,167887.8019219445,355219.1133497626,37159.220757209674,8538.591058095915,4659.308729408693,115699.99409889254,4119.8566507381465,37233.87976110058,1298.408760421129,13385.600860142244,1366.1842395361984,1712.4918365578765
560159580003,56,015,52492.1696900112,220153.13964822443,34319.2007797423,67746.95315790354,34002.5129197304,52997.782446533696,32494.220781526856,39704.22183531249,32531.31367605544,42717.85719958813,13895.279223018066,13897.80096578197
560330006002,56,033,236835.13425671248,564320.6175771218,18238.504882348887,18758.9488107772,20749.439290197355,63186.32552824794,13258.092206728545,32790.10188897686,15606.867689938766,16606.96288509377,4148.931677087188,5175.436973227286
560019639002,56,001,85828.64284055297,161952.2143581061,26008.21157574229,25598.160422862682,28191.86907117332,49515.45362885427,32994.22361228787,70398.01681471667,87533.08921089584,88051.5120474496,3882.6687437585724,20528.90738486244
560210007003,56,021,5539.100835574631,143669.73633317283,2419.9663683352337,2022.344302022966,1179.5038997510756,23922.122016861103,1089.2231135024908,23035.028132487263,642.3775127332219,1025.947871260122,486.220278374102,634.1322495618455
560239782002,56,023,94667.67599295024,158052.02286023463,59896.970796309455,24476.446008575156,95503.0596020645,117440.6810044778,25273.02535781763,70091.12110039074,83806.91042952485,104082.15500695132,22230.418376998237,24418.943798967415
560099566001,56,009,77213.34364668514,373521.80196165334,42237.41946383145,85377.96554205507,78714.9873895092,145095.04392423297,46153.98825567868,63128.200699624496,76118.46177024547,78248.9759161964,19073.305651746545,34056.7683256036
560250004004,56,025,3441.932281029266,351930.4654134015,74059.3397629373,15800.071693542268,3696.9028263852683,119832.18215857202,1263.5608663184787,1650.1211210215154,1262.9209917300957,3409.974507246633,138.48381819526412,568.2108324405522
560210015021,56,021,11007.398603897323,145492.1598130857,6622.253679468982,5406.891020818761,6794.695219770785,28031.75988309566,3933.8821661177485,26904.623220143334,5778.475171250972,6339.161111415873,715.5806484976008,1382.6509975937067
560379711001,56,037,3429.9751101920665,234063.93559356814,12474.676748232783,12668.554951647673,1957.8602836298041,109743.02909700232,1643.979927852251,39215.636852804724,512.6682448896659,50719.01257549016,667.6770771129898,999.8519386155414
560379716002,56,037,68222.86691530436,297081.3369639467,52451.43059341637,52269.20797958166,66635.63609919799,132370.3210448453,66496.3719078535,78102.08820813872,65358.09958174521,96441.16369399786,39234.865449603916,47524.48351617042
560330001002,56,033,219869.16530201514,563622.123964855,2181.815143517566,2737.495181791912,1979.2096589959883,66123.76114251418,3593.6448721283227,20354.0761433766,1674.504514066232,3332.992453312036,766.7328194817002,1219.3333520413803
560079680003,56,007,142599.6043472748,209783.87079664454,61909.42071412369,28184.73704740263,98160.44765469813,119978.92359061807,77317.88087348903,86233.36918273248,72818.17146582324,83108.5073786289,2086.863078760706,20076.049534393886
560330002003,56,033,220990.60336467906,563142.6456147599,1742.264046602958,2533.094678117765,3418.4991605747546,66018.62426131932,2318.2034842337166,19936.926163103242,1704.9853855642928,2536.069984473184,745.4779062983365,1421.7553234577315
560210004023,56,021,3684.065339918123,140159.17229753552,5685.698096482095,5555.161768042839,2049.563532304169,22807.856709444288,3963.153480252239,23965.636786341063,2305.338049406672,3475.4898086142166,550.9923313647744,946.0146385816148
560250014011,56,025,44341.65007493849,398521.3962667116,102942.97104803988,36419.76086450124,47036.44276576044,126557.20947986415,45637.92389162308,46260.61589097256,45991.45710197154,46642.138004496286,26256.68800903835,35860.014270082334
560019627001,56,001,70134.06680907843,173626.88208465668,3231.851704740449,3532.4012817573325,1776.2518567590441,26188.04937808082,6568.875244733969,50531.06383384913,69575.38463446316,70430.21625556679,720.2425204615507,2604.317101817158
560139402022,56,013,174176.29766994246,340017.3298583011,29899.998830529334,14765.053049619164,18031.69885556153,125963.11771756348,18553.49283470145,40240.15377644314,19949.5212128927,23789.4898366207,11984.256987821525,13272.138982261207
560050005001,56,005,169680.87857315034,495276.3843479107,9685.942575398314,9256.250513894243,126183.34139106759,144006.70149634732,2693.687365374018,63508.09691895688,3587.5079538203445,4895.418871242781,348.540831644062,565.4360205493222
560379706013,56,037,18158.041978218258,212874.77545970317,6003.756539274632,33737.20367835621,20276.667447213116,109711.89161281547,20084.366844195465,45535.2038797968,660.6013856896458,46636.77804325251,579.9703672530951,937.301458078064
560050006001,56,005,174400.50372479577,500166.340647542,5045.089158821108,4758.549941783666,124420.48905426022,142930.5550229398,2314.3241044591914,62997.05104907749,1712.5181255241816,3736.067837993898,1459.3839120306957,1683.2234256816507
560050003002,56,005,170851.49664192103,495971.36959524755,9182.920936843646,8820.637321212116,126840.9356818431,144194.27276190027,2272.598407508696,63298.08324321464,2209.9839203573783,3610.7215489989776,319.0410931232799,894.6116639190486
560050007002,56,005,206322.2461802437,541351.1786885427,38747.70561006596,39054.878151108525,95113.08115858604,124705.38755107568,45616.32221351328,75906.13951209097,44962.258501382494,46898.63718815111,8983.134189851517,24677.602029756606
560050007003,56,005,213200.26492446705,533358.2175451827,35809.64893711628,36431.77513544965,114267.93519165786,133315.0829281958,41114.87851697623,77859.92706689698,38624.40238919538,39409.701358489925,24716.81917077391,31002.503005491857
560050001001,56,005,142400.37635655436,454276.635601695,52351.489726718246,51993.93751195813,132748.55162240917,146116.82161683883,45387.70842040919,76771.14104913693,43599.87429102707,44602.14859696198,21839.336319097773,25968.30378490997
560099564002,56,009,77516.92706346423,327344.09728710336,4155.273395349147,89398.20250251812,77353.18696458834,120874.87917516538,503.5770926517544,46951.08708773269,74705.19715743941,76699.46379624464,1186.0361821831268,1215.377338721017
560099567002,56,009,37990.52045401824,343087.5969975438,39457.54631180247,49568.49681328328,38200.18012483825,124010.42381878562,30303.82278298444,32341.39866493937,35470.56890903942,37582.7480942373,1386.8220689462153,1630.560802038408
560210015012,56,021,12449.218115123389,148485.24939147857,6711.6545129931,5665.801970480131,7954.250970597254,29261.41777626921,5024.850068425875,27249.846770747434,5866.8384914696435,6483.79243177498,2733.0871017143195,2917.516288397561
560210002003,56,021,2690.042713510152,141992.2206386918,4003.9603818954765,4420.062300434696,1851.8054989872119,23411.217466695518,2486.0952444480417,23707.35582755282,1949.1946537514484,2518.9626734761378,794.0012425303851,1088.0266480060875
560210005012,56,021,7200.251498459692,143015.34283755274,4534.758769703755,3578.1577292989577,3291.3583990092507,24580.450051090746,1949.9828643011215,24075.851168336758,2905.246487116786,3159.585276178667,133.8232329315911,698.1255801151675
560210004013,56,021,4508.577482055673,138828.29727725373,7109.769552814152,6865.533257436754,1657.9636179971462,22868.558342248798,5400.168543713015,24489.49540281451,3700.3562851415227,4868.720942106572,911.589486141542,1534.036159157842
560210006004,56,021,6454.754176856814,144109.16895714708,2606.4909881364897,1761.9782993327046,2103.4688481497683,24543.176129696916,988.4313201340256,23181.322680442354,1056.5658314732614,1678.2122246346607,454.45551455124917,719.6798780539705
560210009004,56,021,5538.995617112443,145175.70959706197,1227.562673047661,2320.1736272943294,2047.2917697990638,24451.563957378887,1604.318518479688,22969.650466243835,1545.6578869866742,1986.9103251936415,167.93118981823082,710.9242646333935
560210013003,56,021,7854.772262180243,146977.76474001704,1307.915398624476,1436.4251655132655,3621.309761268883,25587.08239717877,2928.106781655032,23471.77691956782,910.6605338962004,1636.9908327923838,568.0707600082542,1430.1327954281992
560039627001,56,003,240469.87309735484,489456.2418371458,11634.371548767158,78306.53958215057,58623.937530761024,88727.4237765301,20976.289247888515,38553.85188638928,82055.49385954517,84242.14955967557,13946.853456313356,14044.877096815322
560119502002,56,011,211386.71195191346,508570.81793965737,34192.706629774664,56632.45401344595,77305.98298083087,115178.74712460142,37026.261230670745,57119.68265924486,50623.3198332912,52521.09277584452,19932.312409855804,24516.09265593784
560159580002,56,015,64054.73043619177,236122.64494874494,13866.21217417111,50937.72084829244,15030.344582664298,35954.19559746942,12849.958822029115,24472.711212658036,12895.399697868526,24153.227699341118,8489.322886361675,8490.360025734703
560159578001,56,015,64436.21480166842,249851.1282882179,2624.745140855595,53357.42772391424,1380.3660241145578,33715.089075458185,972.2206762581707,16807.242367016384,917.4191241782328,16545.15567246657,333.55190503534124,614.5891145821747
560319594002,56,031,22139.4123569291,223646.62272441364,22535.805603366734,77981.4660527766,64424.24935215131,75460.87604030172,22317.22495807703,50314.56264235511,64221.11176678004,68364.48594815598,12408.196897560189,12410.296344963925
560019631002,56,001,63837.13202197274,172929.9288565349,10655.658865757427,10970.936683896789,2750.333812351631,24832.488555883792,1931.644772889728,44576.29272539861,62861.76856100704,63750.24693088544,1044.7781158314967,1674.6655622417122
560019634004,56,001,65956.48844052249,172536.67400916902,7779.076595444603,8069.76093023684,954.1672845705482,23984.885035151787,2104.9903532687445,46167.507614491085,65220.210173785825,66089.26543874509,403.0821248955105,772.7978662851124
560019634001,56,001,66554.85073720674,172025.33440297935,6830.923362177225,7089.5217874937425,1655.7451829769354,24049.321696904928,2967.5472094073666,46915.02366114169,65941.84933315846,66800.47468970089,709.168371262663,850.6600843609353
560019636001,56,001,65990.78300051052,171287.42744200732,7252.355554318805,7481.7128107532635,1531.0447321502468,23910.604601755258,2742.330070719974,46493.971912789086,65440.286677741715,66293.31011052437,408.20743550780594,849.941809119105
560079681002,56,007,127289.27931190057,241588.91183789296,62782.20661694865,43264.185711933664,83325.34634241059,98002.25357780437,67628.90173691403,93377.52446934313,122393.22475024272,123002.99297029467,4489.4626916313355,14220.695928021456
560079676002,56,007,147254.60838996814,269425.87297028606,40082.77245693116,57099.958036873315,145878.96413687913,155475.4484936436,47798.094675338114,88321.03425146276,97178.82034296729,108340.1083540155,41942.66455999459,47191.17253643011
560079680001,56,007,156060.66615314205,237589.09428977955,46923.70978934478,6296.328762951522,102054.1503508323,120385.30020082726,49251.91610434714,90492.43103260544,106862.27565699845,114608.06769580014,5082.183103538947,14205.96229847825
560379706021,56,037,18990.96226290345,212051.10720559454,5330.836936643891,34566.3508610187,21107.810824031232,109784.99407686573,20917.292226820195,45886.37032891845,843.4954652243339,46844.94691632517,349.0784483859549,569.1695342683902
560379716001,56,037,50954.51058079711,241195.3291653345,52068.64803632656,52031.58058847485,49499.29062255509,127223.08624395842,48148.36819363511,65481.734834936564,50307.538517834124,69608.6900808273,16298.868513648327,16299.15038689928
560250004001,56,025,3116.705035683675,352952.8148252795,74211.3886254193,15325.707019921085,4190.475845666826,120268.72271901005,1792.9230045140994,1973.6169810250947,2213.2205572511275,4049.2877136323477,1173.3459547259679,1365.9893489622916
560250002002,56,025,656.9679504025154,354083.1907148941,76692.43837713847,12905.016770743434,3101.642069869931,119457.70158619147,1231.2129395104182,1900.814808034477,2426.2563133904105,3347.087576678943,308.26983527122593,972.0191894158346
560250005011,56,025,3966.608655784079,351104.8501692692,73844.50539748167,16301.039972007784,3594.526103006848,119612.9100082407,855.2530376444903,1820.8890925017035,850.8203576627466,3179.4166796988543,250.42097629890435,551.4518259773557
560250003001,56,025,1667.3434666041874,352938.48984677007,75821.10662074298,14022.832419611454,2613.7128616546124,119216.1563391484,118.41699799440777,735.1128593145057,1919.5109970874523,2902.0327007270603,971.3633407022745,1396.790083068399
560250007002,56,025,1903.3507010944745,352458.99015855725,77416.50847241818,13084.704902809446,988.9018497387216,118016.0868296705,1805.2849933244509,2173.4647410104362,439.4139507559904,1893.3813212659036,297.464461006622,357.6195938135357
560250018002,56,025,28538.427568705123,328595.5392874754,83383.29592651641,34467.173678904495,25660.248632145453,113492.7362874089,26595.396606365422,27404.72622180706,23644.024322124973,24330.14521179415,8435.033712566175,18516.996101722212
560250009023,56,025,4665.927990624869,350524.95988245215,78663.79212198303,13609.905345107103,2061.493112153334,117412.56708824176,4504.988755637716,4548.47593810108,1198.7341478261037,1681.0395437867699,548.6295901752319,907.7203667697619
560379712001,56,037,4262.293401474426,234828.92997260572,11769.396026152916,11958.145040844704,2432.331119761431,110400.39290697135,2362.665677872825,39679.5412460381,1304.03546004685,51565.13978904912,261.25926636045574,890.7799227426733
560399676003,56,039,231952.5575571629,264396.25068575225,25064.765913055042,92484.98227326712,108432.5410036073,109293.94943794864,17113.944215663527,52651.61594404518,20363.49623806266,21365.411180335577,16856.365841743154,18368.151191938283
560299653004,56,029,261440.65601668484,399262.74130981875,81798.01608497216,40910.073017612245,70713.03497975861,127779.73721489227,41819.38472885151,65160.18166444866,41063.951021516994,87348.22519062346,12013.139185623219,31275.10179766376
560299655003,56,029,288216.48582390515,430680.6293917013,43808.13867148482,3007.7949800282654,35318.74432669425,109188.83081917439,983.5339970210791,32790.00421018688,994.1160939239095,76626.37959028877,599.445637652583,631.8834811441861
560319594006,56,031,1148.3732862118625,246592.90799775216,2403.2289073981583,100971.36907463832,63496.1475256548,86980.15127722266,826.5799535483322,42763.52531357492,64119.00155093984,75768.9644847284,260.7779911362273,263.0235054815766
560330004003,56,033,224074.73319132172,564737.4523414245,4646.2989327698915,5417.185393366773,6295.934212078973,65041.42576935676,771.3068214360949,19409.402906542942,1082.2576895688262,3149.7861474555175,381.5520436101524,946.8192136976226
560330003003,56,033,222458.43251050994,563452.7374507426,2935.151320029015,3698.2269127410286,4930.452740133711,65655.78628871558,996.2654381836012,19516.64679204349,784.243009849621,2339.9932643902903,719.0207228175097,1056.1348900254295
560330006001,56,033,238173.5690002708,535298.6796724647,41646.579392175554,41536.457268243306,44622.33227711115,77191.02390758492,40716.10925329987,47850.568628082096,38658.372189124115,41279.83256721456,19105.707185584215,21897.500568113926
560210012003,56,021,7840.4710766008375,147616.5113275774,2152.313195078185,3060.093865826371,4361.2172987567255,25624.221058325627,3758.1533047600306,23707.878826912813,585.8685619613273,1950.2804334738987,168.70917963929165,488.2331059134664
560210008001,56,021,7072.304891732843,145043.48667200425,2097.251028805268,988.0927830686225,2552.1001272569206,25150.146746523773,822.5019106830244,23077.06912899473,1271.5265262501705,2076.0444559620714,521.3012832191845,1025.5266698674932
560099566003,56,009,65879.20146496341,307349.0945891326,24384.029317250755,100781.02463808176,87699.02235209206,112768.63573091965,20527.858715219627,53250.99105553236,85274.89740697862,87033.28578405344,10420.700069694396,16375.344863822043
560250018001,56,025,62155.41489382164,388794.3827161711,129402.88794297347,49827.376358282374,62624.83408085418,124510.81683577647,63623.64317365116,64176.6222075238,57618.31817533082,60120.796234136316,43682.84730952461,51468.81598153358
560299653003,56,029,282017.10578913253,429409.5584072278,46121.6403919717,4253.995600680839,36383.92137024532,111757.02430234924,7079.560863763742,34919.465064126984,6490.196915098104,77314.95537148768,5371.604117687404,5620.709965441545
560299653001,56,029,351494.4255330127,412401.8064118215,93093.74332931003,75539.1109151315,93840.1961157152,123637.58311855792,71563.59578583507,81455.48046147029,71902.1078272007,102759.72067755622,36151.019114163755,48563.60445794312
560299652005,56,029,287903.80970944127,465394.14472937875,13027.135894028732,33509.19025033512,686.7649757005358,77601.49324509682,1111.1137368413954,22297.41147310567,36025.48844294558,72614.73214000015,325.9783489202536,417.73195225617405
560379706014,56,037,18906.59032880132,211897.19965986774,6367.63891033111,34681.44614597241,20973.373585624962,110587.28583115764,20827.982318744795,45466.02238337396,965.7767995724781,47298.61521215081,178.9781005491498,311.7314923361802
560379709022,56,037,1772.486862760502,231216.3389522921,15473.90681761115,15659.595927539722,1299.6769933308922,110009.09852746304,1204.7177888470717,37446.811145948566,2717.2300289060463,50818.312992409665,410.4300037347277,443.37876971879564
560399676001,56,039,283444.91820140096,297253.5628010124,22968.838180198873,97141.9746964903,75579.5250138921,76581.97818571869,24621.669116795496,46561.59582387672,24757.411502347433,32568.51606389322,18164.288739581094,22132.462520298526
560379706012,56,037,18628.264151286883,212287.18874715822,6010.974028231556,34302.907261634595,20724.083746651337,110117.91335094656,20553.597389597413,45555.31311448542,243.69184527236945,46773.62274953911,40.0224701546429,448.4713553965052
560350001021,56,035,111717.04676588111,259706.06312176932,58859.51531902356,43528.67023516975,92049.27073081222,141349.52231493196,59214.065679194704,87014.25582714009,60333.077177385014,83034.96622804581,51466.472742930426,51603.17922344841
560350001022,56,035,182842.94378816293,267159.6347562743,48364.95893266629,39681.04513247421,121723.3378129568,153280.89046697415,77201.4635342853,91984.50481100766,79274.3492267431,79884.71384183061,30717.887420943913,30797.203618739077
560130003002,56,013,120147.95044608737,319860.70579611126,40629.39732367765,63302.60163509588,59630.12901341463,119496.65987723952,41054.311174962706,72837.50345682271,39238.28776550281,53057.34136194864,42908.291879324555,43150.42258095688
560139401001,56,013,189580.42305263717,323746.7562804954,55899.41146451104,57869.21586595091,61849.35933630194,138993.66346989648,59683.77876855242,68679.52167470029,61567.587384862614,63378.91935271196,7269.074990194996,25275.289704308572
560459511001,56,045,177627.0522087002,460524.4930872007,39221.837797370055,72546.30902509064,91523.81876919729,112959.73719841024,50145.85593697898,58115.149350534135,62637.816603838444,64682.06764295863,17376.059335973154,17496.92955298892
560419752003,56,041,94415.7292931454,136511.36307999998,12550.491526540522,61548.21406545463,96419.87358857311,112719.70994015006,52099.66081772518,55249.30054013978,76146.35870170711,92481.15799003823,2645.663700993153,2836.1112964271383
560419754006,56,041,84514.10778350271,84047.42917807076,5459.716553424759,70554.5520246976,81903.10267506074,82291.753011086,1968.8864688987003,24400.14173046012,63622.02759666414,71061.34796653244,239.63178876042002,632.1444768526464
560139402021,56,013,159144.7757105656,329932.9935680564,14826.757092457281,21812.018509296122,21883.672525049205,123481.26721836459,14267.799011474432,41397.376638269765,14841.423528638812,21201.610884879883,9456.927696406281,11246.31157741864
560130004001,56,013,227945.55749721293,318540.62221255613,5982.643744148102,90100.84008720375,119803.12539334351,146356.16743994004,87345.74078727521,105657.7271040081,91679.31605376847,92195.82347838355,7728.16150601616,7880.907780426726
560130002001,56,013,145638.74019679928,318634.57326437335,1694.5902274119858,34547.06751055088,33632.56138572543,124709.90445727456,1268.47400277967,45516.5719720869,3315.799552996771,24947.703205552818,694.003741487768,928.5663718965352
560139404003,56,013,169661.65742485205,354673.40382591047,36951.25199757483,6325.008400449788,3070.93765079867,116039.2305894851,2319.143296090676,36146.08738551884,876.0580264302778,12705.288489880546,932.9319619828035,1119.3493209910305
560210010003,56,021,4726.698861673432,144314.17428716473,1850.2728760084096,2681.714438268813,1404.0237565053117,24111.271239850914,1238.9908049676735,22957.314903426683,1178.893581566846,1919.3303764531647,627.0184254584293,961.6192455685597
560210007002,56,021,5784.799278363656,144353.41093534243,1653.1893487729214,1399.7454237372597,1243.7743758948627,24317.440518704672,714.3505676953879,22735.38045482294,158.34364839034828,936.1053416749182,58.68118466691286,324.7379650197429
560430003011,56,043,184586.85303890368,446791.4361713582,5513.643523397787,101869.91016247985,104875.33960303196,112277.25211460992,1070.61103248689,31087.16466701419,44592.13961676053,85375.39793938577,238.8803243578242,852.2477165610209
560459511002,56,045,180882.77466264344,435525.09947262,18356.09172134754,107199.38838598639,94278.0258499189,100914.85801597041,24707.801527497893,55912.42144803035,88649.7923778317,91020.00112643857,23242.669778768875,24072.191679059615
560079677004,56,007,140003.3874442385,283603.0620490484,2902.2404313114225,50181.83894797579,137476.03293281997,142888.04074693818,3441.64734290799,94234.14170072768,133511.33820593133,135056.04095178083,1417.8553542590964,1906.2122827597698
560079676001,56,007,109388.4592012509,312473.32000803424,34686.10555792473,81338.58065664145,107135.38969093307,136644.39492988656,37053.33381958376,85317.64851950658,102527.39406468795,104484.54415361868,33587.78263246266,34575.78062821362
560139405002,56,013,169166.92060643545,354624.04572264483,36756.25840434975,7078.6007778170415,3385.02814900454,115794.74787029714,2750.62463549999,36449.18004706185,465.20662961529354,12513.37750158525,486.7910136121258,786.5850479730815
560419754005,56,041,85262.31012111009,84656.82267892784,6260.20711210712,70438.58092964112,82621.36423417344,83030.38631641686,1177.4462547422208,24176.22483625321,64384.002424874685,71490.44016495536,476.6376415185113,789.8557524222801
560019635001,56,001,64137.02502199286,171371.33440769164,9434.899806924224,9698.218341535037,965.8040592287857,23846.154694384535,377.132966437749,44388.71888593751,63424.55877036866,64291.072884163514,661.575889736809,1124.4852879154728
560330003002,56,033,222568.03747510578,564465.7380328405,3428.650187209893,4222.746440022767,4720.454902279768,65400.56566600761,932.2868867988465,19468.772557378634,668.1828197599485,2369.507363369559,145.5964300295321,611.1228456593484
560050003001,56,005,171375.3218659126,496567.66197965015,8601.058186537326,8247.41982918466,126530.1582088445,144245.92330133688,1767.9326029184806,63077.44485352114,1967.9423078660425,3300.6895638329747,781.0579875205896,1031.0888904868343
560019635002,56,001,65040.393527797954,171978.55484686443,8618.325243964891,8895.427320954806,340.8250459607504,23702.127354189113,1194.8792930976567,45256.23779436415,64311.45838041081,65179.63594437044,1058.505027735702,1101.0194871485048
560119502001,56,011,262041.77744480918,553715.655361235,18779.70052500373,95862.08496184812,64896.22380360991,110806.60514233352,48735.942891956496,59978.89086066597,70685.65581807561,80869.13054644993,16766.384143214385,29732.644996648232
560210014021,56,021,11003.752755346904,149128.3289108487,4568.240958233418,3931.149208717852,6521.4249898149865,27761.339428558786,4378.380726339443,25470.654075391292,3066.0383727402714,4185.014616012345,1395.297252448307,1922.4665416364476
560379706023,56,037,18503.722808458406,212654.18126740836,5451.183006121835,33991.21734382994,20638.114003018654,109441.22551989509,20429.22308635554,45833.106564539936,1154.8048903924484,46703.526767346266,418.49530727924724,1006.9787579560921
560139405001,56,013,169931.99319631787,353864.68195068743,36049.74478397088,6533.116666008135,2603.3929129399507,115630.51241238946,2024.781839397366,36082.77897893695,798.6928332145868,12221.05365554676,135.64940800421502,284.56872315459276
560039626001,56,003,195511.94397055992,495206.6402043002,43446.44792708593,65735.53277199935,67848.90132051948,103480.28820480629,38285.36400587407,52010.75296996019,64470.38067994282,67590.57622936345,37175.00129307246,37343.21895682374
560299653005,56,029,290066.5671073768,374744.44444243057,69919.9146872809,59340.106028373884,92708.7582752026,143601.21803056283,56902.773094917255,89237.80327555911,56494.04566676795,101967.32497803941,5303.677792938873,32226.302584923804
560250002001,56,025,1217.9365101326184,354544.27225665457,76405.40175043969,12999.202161281015,3773.3381145124486,119922.76492157378,1669.4792838542144,2289.133309588622,3114.840474680111,3914.4709011974555,443.0927828587128,1311.0943986887382
560250009012,56,025,4554.064766458495,350911.92064317764,79050.86717757875,13144.493118481314,2165.607456216813,117438.80527349506,4557.673969618581,4666.991163146444,791.7763181235493,1670.131067295268,483.6680990723902,629.9277436293291
560019639001,56,001,64477.32442340759,230616.997990123,58163.550726140784,58468.70361668725,59160.2438166785,75201.30183586128,59352.60372832106,76557.53211561455,103385.25771684978,104466.60949945168,25519.710551826203,25522.425791020392
560019634003,56,001,66484.9269658418,172732.33834820453,7234.059359473581,7528.129384818758,1429.817744443662,24166.99858195144,2646.271160534598,46707.850762168666,65763.20970375922,66631.16614458956,512.1137287214545,812.8792516688841
560039628001,56,003,274119.5223855133,506102.07057030406,19051.163359328344,78398.9572710216,47386.34001403499,81150.10020720144,17716.600129449536,40249.47492975625,63471.004531315986,79762.27365396354,17523.432759763626,17915.149934015983
560330001001,56,033,220291.42669057424,564674.2503585443,3210.280684937636,3792.1786682323277,2432.314488643367,65921.45897980353,3631.1207307910427,20426.628302700596,1269.6421999448785,3530.1235215453826,434.1123370107661,1550.169417740037
560210004015,56,021,4346.682102765121,137385.4987826583,8432.137931498271,8334.812467294438,3275.4498847044392,23267.82913409042,6707.549549033742,24905.820472004034,5082.770396331416,6241.230077790891,907.3777193476502,2077.270448250564
560210014011,56,021,8354.8920203321,145391.92247712775,3424.9526655273708,2210.1984640632104,3929.650968233426,26129.19903320246,912.6829609801515,24004.205139184018,2693.080147279888,3392.985447933115,879.0737782676172,1189.5528269330364
560210004011,56,021,2356.6612912402115,139267.84703919166,6583.675565488322,6719.246792840201,3495.413654168214,23109.24375222678,4900.9962733153,24300.70458176425,3511.565083809054,4572.059373611675,842.3824896959414,1112.450013447429
560430002002,56,043,148116.48581510872,464544.5713302399,36501.46258121699,109030.73403216184,110064.63852488955,122966.75706315886,38312.24425294684,58153.87314763504,59725.409424478385,84116.62566299106,19851.613018780525,31774.53107357044
560399676002,56,039,302214.863165599,337339.22094996367,61355.761498954766,78862.25418039894,108378.46541557627,109368.65109586954,66136.0442423333,82760.42155375291,66350.46230170959,72828.59243903578,32361.732415073046,49966.47538648237
560350001011,56,035,161207.2441552782,221598.58240340007,28741.851656165105,36519.06202754123,150969.54724163996,156529.06523925293,56135.10295085267,80660.05465362882,77479.93524867637,81878.09091907763,32900.68661002287,32906.59096214573
560050004004,56,005,172663.3781812927,497517.9625587228,7991.060814972562,7718.408253568424,126878.87872570935,144380.11921664068,2089.327415262146,63102.7218156947,997.8142605708115,2242.1031353689987,53.92870560494724,537.1909599933077
560050004002,56,005,172710.86599722263,498000.5052782751,7259.621917134713,6944.687445895511,125931.64897661726,144052.79334330346,1226.176016519483,62780.49610246317,1881.6130420812751,2788.7102001090443,407.60165510860077,678.4701035099632
560250012002,56,025,6477.804064510676,355874.6200345286,83739.55243191878,7380.009402831101,6747.886022309872,118981.96546691222,7785.0344162144565,8306.189778372776,3765.338170664814,4984.864693504969,3502.5386695771144,4039.572742644459
560299652003,56,029,288419.6171206317,465427.6513395242,12626.235917407816,33515.69210930768,316.8356549365269,77299.7850013304,680.003832426255,22239.566440120798,35989.406237433715,72424.48643372391,586.5889052026582,669.5006631829652
560299654002,56,029,287094.9217827699,430674.5365693474,43943.72182192545,2046.4279079740186,35201.13084201533,109399.41280086595,2061.68527007464,32974.50050622608,1745.5907218567927,76609.88858968786,335.50419366424694,937.145492787339
560159579004,56,015,64928.878349507104,249657.39036883277,2095.699470827871,52786.5197486881,1841.1485957887605,33486.84013519793,707.4028107712012,16681.726469565805,665.0151446700178,16305.072852347208,670.909218408166,905.5215914234758
560210013001,56,021,9021.17262667208,148518.14201105593,2714.9143568997406,3106.669312554353,5113.399883835218,26268.026804383007,4438.611417767585,24135.330948423943,784.7247543690734,2140.083455573934,477.5019797063446,961.8689840447167
560330002002,56,033,221287.751798419,564152.0989206508,2637.118753643941,3394.629897125554,3403.005479153806,65726.76202154868,2208.5957758912186,19896.291722864644,676.2352813869269,2496.7663618616375,1130.032527141572,1180.4932766002387
560079678003,56,007,140499.29095236553,285785.235535468,4344.854760125236,52412.22929894535,137996.98407240675,144741.46971656854,1258.970681965896,93866.73584003402,133959.03418062232,135549.2144564947,1561.0125030165993,1802.8545497196726
560019631003,56,001,65178.02089244566,172722.4282311565,8843.506413049588,9146.921745217518,1174.963774772594,24160.173781061367,1470.8138480568841,45390.78860407361,64349.34841684997,65226.00612703741,249.46419711048952,735.1628140881028
560330004002,56,033,223481.45552146115,565080.5400181789,4334.9204662222255,5127.467746734951,5592.858780791588,65101.46019971292,797.7720086550728,19453.809257594094,874.7840235849196,2871.7151524061,907.6629564081954,966.0902612354639
560019631004,56,001,65609.41071947335,173697.63870819757,8946.960741320232,9278.730948378541,2142.274785548258,24756.608125344534,2333.3466177889823,45911.73489030118,64671.11000639823,65557.01066095631,833.6674532532287,1088.4946953547262
560430003013,56,043,184712.81404377063,447780.5032840238,6272.600702205766,101915.99455001921,104593.1561098166,112170.51763543647,769.5103852320087,31081.297889916033,45585.862429322246,85444.43235723881,609.0216864094908,844.6234699861449
560250016022,56,025,5720.421961627084,350239.2082993475,72005.31580680041,18080.91531184565,5357.9673482736525,120528.49138716645,1920.5598747325957,2401.1843891970225,2630.529538328561,4866.078960069783,163.38383809130312,704.0005439947911
560430002001,56,043,202495.2458478046,432850.22185613745,23706.661464842797,83103.37008256557,90960.52157297541,111511.05433910855,22594.576081883617,37442.55662870594,43377.08564208194,80547.8938274392,18948.947591813157,21011.434878326414
560379711003,56,037,5817.768581178596,235491.17890525464,10922.321297006685,11131.800850227472,5190.9120579446835,109354.33078382141,4668.237064107987,42218.2082220507,3774.15083460264,51546.82781230376,2720.4457435975137,3407.3035322736355
560019628002,56,001,68866.91948864321,172514.45377133,4316.072378001323,4549.9138862636055,533.0618492412935,25013.397967926012,5529.644752908504,49366.751056147266,68365.36326925909,69214.86863611832,643.9355099213692,1905.4709981667556
560210005014,56,021,8941.739406923676,143745.15157093978,5575.903824302852,4428.395457383602,4576.885658554404,25987.293898697197,2657.8230003432473,25234.589044146218,4262.587543176967,4658.879552906088,622.862785001475,794.1916206124331
560079678004,56,007,140918.28672484623,285211.4594809848,4428.150147073433,51852.11393755616,138411.17606357922,144631.12043842173,1246.250551355522,94136.19416529934,134386.8512626354,135968.54783951576,1622.5361463989564,2017.3763141358202
560419754004,56,041,81756.53784522056,81860.56812695654,10979.64203814242,62970.76113536921,77859.96013705441,78178.52918752383,13631.891286995913,29766.672787333235,60604.62538028498,72422.1249744452,11908.93543098469,12464.577189089006
560239780003,56,023,203232.13574264175,195760.60138326968,21108.18364087663,96319.09862536026,104634.21989620969,106220.95861964497,20353.140178193527,48764.332606475145,53627.28379955024,60760.79152007108,2961.0146758332944,11501.16050797246
560210014012,56,021,9864.134514627005,146999.1222664196,4143.277588595657,3045.305653335803,5342.551577088212,27164.575420487425,2542.3720933960194,24986.063200344393,3735.204659489752,4143.1487868880995,457.4552862315422,855.2188572706331
560210012001,56,021,10452.57486450591,150315.14271539397,4699.72911503911,5278.984096207775,7029.30008881986,27024.02055798293,6395.48014416284,24931.252473919718,2980.698214748942,4119.232193839463,1820.6760428796276,2118.383649165611
560419754001,56,041,87939.04150726223,87664.16166162053,8752.900267567284,67786.40170358664,85401.64386304245,85739.25632249998,2211.626283780706,24627.223191307767,66995.22582950538,74304.69940196074,2421.972411506137,2995.7342666320806
560019629001,56,001,68249.09881591916,173932.83771412025,5772.166094436379,6107.002654345931,2731.5641022896007,25154.402247760347,4394.211699305914,48453.21012067233,67497.30784335597,68368.27917819025,1550.7091223923376,1950.7996962726172
560319594001,56,031,14901.782710351816,250997.81289633244,17587.394069748087,96538.619852862,78386.2806090223,88787.19471739486,15098.865327800499,57077.22521443434,79096.34025560021,87575.68648306394,13823.798989388417,14408.724514548609
560050002001,56,005,170061.64125920515,494244.1140064597,11270.127420357227,10958.047339440167,129057.59277720723,144223.85261278556,4562.403064224839,64220.535809272296,2916.285018968899,4211.312859157885,1617.3872629480481,2043.402802936486
560210004014,56,021,4266.871400818767,136398.6069375907,9434.447274909297,9486.802688985888,4805.532258354402,23640.33855351972,7732.9498725797675,25224.901014627012,6224.711741268936,7341.255664903182,2301.7099173398874,3195.7420915108314
560019637003,56,001,63384.18894161935,169850.592361772,9835.658844281697,10048.20183666776,2006.2529390901695,24042.08731315841,1651.8822647139311,44393.20000025982,62839.44253506781,63691.19644989564,603.6750098750384,1030.008260645123
560379707003,56,037,20535.981311764564,210224.6612799373,5910.686764414146,36354.38036408009,22583.178373295057,111052.76684930008,22428.449312535755,46017.97767300758,2519.5284586918924,48275.4268849902,1351.5286401570288,1599.4750263299961
560130001002,56,013,149002.10137720697,319668.0538038945,5704.85610496846,32539.91881350281,32122.066708712922,125704.13888994486,5225.732529615247,45346.96163136546,7021.174450871859,25294.05555371321,2539.2137385478227,2704.2328247474798
560250007001,56,025,1856.5853421086924,352746.6041648907,77864.1828123716,12632.003552501103,1242.2224288211637,118045.84864931989,2125.767120110053,2545.1581644309636,197.16310213614582,1851.6987143080719,269.4235792405468,479.70387017273066
560399677022,56,039,253218.8567203222,265071.3193971666,11845.06187860155,99819.69859003488,82691.161712088,83558.9961073127,8925.836102784022,40696.63789096644,4780.151175865235,7048.314570730506,916.0574252793317,4280.998607210251
560250016021,56,025,4813.61943538682,353219.24026553275,72613.64296585303,16653.204237391776,6026.991264152533,121491.79092508317,2724.4488650362027,3336.4943458928115,3714.743234420437,5745.0146844951305,313.83453568643563,1426.7790448491155
560179679002,56,017,155552.2469108226,421561.6386268505,38276.81544898032,74866.54884560734,76682.16846128828,123321.64754461584,21872.76541311159,47238.83861950759,21731.559883489736,57417.21312652125,21737.88081230213,22257.87962878023
560210004021,56,021,6904.518820881897,141056.50698672357,6131.591351340467,5357.803110967827,1658.0648447271199,23812.396368393463,3892.5664178026013,24581.8098118342,3457.8448375762305,4228.67225025289,1557.3238788236038,1893.391887119635
560210020001,56,021,31129.92677218897,157509.36599534797,25834.69462825885,24768.359079018774,26485.43362111581,46512.96126782163,23816.501703080325,41320.343628176925,24776.00105951657,25424.853931515998,14463.10428449606,16946.581243779365
560019629002,56,001,67463.67636313863,172662.39217257465,6009.6865776733885,6288.441594424031,2042.37771380336,24442.36465778885,3779.4639427066713,47782.72984864674,66831.13425886363,67691.69487413956,280.2207723710594,1184.1864904387696
560379708001,56,037,12333.938010893547,239668.56443363108,11537.224730767724,11599.580204124291,10158.389075092535,113265.07781338764,9641.487785563024,45148.211072430764,10110.93025194519,57582.56096021282,7348.305575370818,8333.339933848813
560099565001,56,009,74333.35746475308,326491.53289977374,6523.041352970219,86286.75896922241,74106.15162317839,119976.74966958666,4127.795281103918,46029.83809685596,71475.1580994408,73450.51564220127,2490.4144615532973,2743.3424179985946
560399677012,56,039,245506.79177326246,262597.2934500832,14078.19322575572,106132.19024957958,90511.66992679202,91365.60466097057,875.7015467637195,42079.24373181695,4061.6941045046574,4411.619514980106,220.11693332472612,2836.040366529316
560019630001,56,001,66982.20811625347,173260.327546069,6920.163242688103,7232.7610761636815,1972.530877144438,24493.06535679587,3124.393480931941,47181.191290360046,66224.07430264054,67095.25928148594,848.5010321028615,1100.4310498590755
560419752002,56,041,92208.57000422289,138469.70247852814,9616.69333107152,57426.51690093901,94169.98104550503,114670.85055785043,53392.6881807718,54785.79475681915,74066.98228413086,92517.93832480822,2300.210804438368,2813.656890886883
560239782001,56,023,125046.149716193,121314.35795523513,54414.04661035495,26163.786962739952,85035.40694848487,86529.386136917,29272.61778521855,54275.58322251509,89429.51328063439,98199.21147946868,18665.74692538819,22254.54217636471
560299654001,56,029,288130.08683467604,432230.7737829254,42288.678507460136,2540.0575302704506,33754.74506719871,107735.73985844014,2239.042438153836,32184.26711982853,2541.1426461016895,76764.97912407543,896.4597378683059,1173.66470480896
560139402023,56,013,169616.262237964,344205.9148612052,27140.71436542305,8327.424631370197,7562.698305696833,118104.78863336588,8371.898425032776,37104.344065905476,9719.905021341287,15543.09003444369,4438.950880384996,5449.580350099706
560050002003,56,005,173440.1791680764,493371.3985769141,16579.734515342563,16545.371239865246,122741.10323846452,143756.98962601542,11854.792789083513,66346.71621877023,6571.543930081313,8659.21900347919,5193.84767422079,7824.050087295393
560019637004,56,001,59535.200467719245,169678.37759412118,14207.43585843179,14461.27370063986,5746.765071789195,25443.026106747206,4448.38581450043,42611.12336803326,58696.45248702751,59572.27194197087,3430.124294229011,4110.977030402516
560430003022,56,043,183285.0485088542,448451.5235441573,5797.044959621426,103417.94735142586,105927.44804181304,112407.10891542814,954.6286766343036,31452.153016203407,45671.0872867606,85609.2258153806,407.65826989289945,719.4135613055046
560250009011,56,025,3869.0338606706514,351662.91650563036,79098.60748595177,12581.831505532069,1855.0275470011472,117538.51003720728,4064.2550323614046,4276.419697345966,195.4295956426472,1427.7836288741114,115.17981319370524,304.65281657718634
560050004001,56,005,172688.642071107,497265.1097229198,8435.161272454488,8188.4309403453035,127465.21801826688,144474.9663808218,2665.3102642759995,63313.08891350757,412.1763441429121,1953.681291980469,398.12629091282713,492.87600339971397
560210006003,56,021,7180.3731699125865,144109.64913328385,3363.9019401105493,2322.8356259450793,2984.625157121907,24944.513548294086,680.423520977084,23616.640872625532,1971.2252071354599,2509.1551116408664,116.92284038303494,548.9920845496239
560050006002,56,005,172621.18964026324,500060.0434698317,5288.945962156889,4697.464046531979,121248.48214631419,142605.10183397017,3651.3174903888184,63461.69926198426,5340.014845457252,7034.47677771085,1660.2894797915876,2712.3985879942315
560330005005,56,033,208912.16243758035,555615.6597076057,10752.072447556642,10029.414792025374,9764.69922633435,75953.57854064589,14592.26786829522,24319.8396180137,11749.307367238569,13061.050033599877,2827.5119692543813,2830.176125923362
560210004022,56,021,4578.5563823334205,140763.8176079365,5266.61732417897,4938.863680849308,1524.8007571050625,22847.08632679076,3600.5270061175797,23857.854161543135,1893.7955411374687,3034.795351765101,822.4244580608628,1334.412376850622
560050001002,56,005,108047.78703015631,438617.46765296266,70779.23055619816,70198.48342424535,110729.77610967582,144068.23076598134,64580.707725800516,91345.64174884828,64973.57371543783,66088.12680129409,20744.771937750476,22285.81400400849
560419753005,56,041,86278.70309402254,84183.3694918668,9253.611601384166,74011.80236341739,83250.66370935168,83777.36216521551,4199.676593031388,26709.262655949,65647.25202215128,70073.9432750769,3502.478829927756,3847.469617629057
560250005013,56,025,4965.216827188577,350132.470809701,73148.42813894869,17256.16221241234,4172.469751069184,119733.99765849851,1562.2851351872528,2658.1252253963276,1556.2226925251841,3724.1238360668963,596.4354687062116,868.7029981536887
560379708002,56,037,5532.703539974424,234643.08298937266,12710.718303734562,12871.068332271088,3369.9628530935584,110981.31119500741,2975.5347458921387,39598.96439022256,3627.580662142564,53521.14428640057,813.4799793324141,2265.3012715655445
560279572001,56,027,119093.32684526553,356893.51920919114,34257.34791959874,150103.07946126486,111192.87272072014,126957.48561947615,33891.443704726735,68336.50869421582,90681.39418438163,105205.41514895129,18299.738333013564,28213.11911142758
560159577002,56,015,52452.76984300481,254919.28648722102,16943.869027634348,67761.0917376461,13486.83688289191,47368.44369977139,13178.910499822905,26819.77467504872,14578.289053921286,30635.633376624093,786.0223937565768,787.8966322601455
560099564004,56,009,83275.60244301782,326112.68120570265,7440.1909208310735,95377.24315120667,83345.55378655193,121144.12487437119,5558.032377305975,50764.42761113317,80697.7703259384,82690.91582685777,4257.2225019343705,5151.9479714676445
560279572002,56,027,89177.23116522748,324530.6410505235,6239.824448895107,122982.62745265836,79922.95162813028,107156.50980071606,3078.117743285709,52126.32664547714,80744.57247638107,90847.45412945803,1723.9618392173359,2404.4277735807827
560210015011,56,021,10163.45919940875,145676.90258260083,5484.691687687197,4271.147181628293,5910.369470437425,27466.66658682781,2884.482238126905,25973.240947490875,4734.5451824807815,5314.950975522224,437.8843506033012,1401.835863075606
560079678001,56,007,139139.2306024845,288123.01482358837,5123.583377213307,54718.85579736716,136658.1549381146,145429.8639913521,2896.015443760154,93530.21510227094,132561.3233767108,134188.29056229754,2543.9452939993953,2912.292990330314
560139403004,56,013,167875.1369328555,354640.4313606069,36493.1019792083,9048.241990162644,4852.406585738863,115444.59537950484,4453.537864851661,37452.46808553129,1783.025263046372,13490.193639020286,2244.169744272784,2295.373427848635
560419753006,56,041,101980.60265719105,102098.3268372866,23082.120421359425,57882.43216525757,98926.56936429972,99314.6633837308,16540.447972619382,30742.11302530631,80915.17573114332,87543.42399590944,16941.67741194666,17317.67079808917
560250016031,56,025,9892.100448592248,348796.2730208811,83151.41471598075,14007.697101721547,7687.522257338829,117462.46819562853,10089.167502085438,10142.32328193149,3705.562995107938,5323.209308207568,3642.4304426211634,4210.691507072259
560159579003,56,015,71188.1858068715,245826.6861303779,6394.482138698645,45147.39213647139,9725.57418470395,30911.766393274364,7795.550790199722,19101.0094715219,7821.957056559234,18653.731344585394,6622.580168790722,7107.492324503008
560279572003,56,027,90698.6935664032,324569.7870760588,2794.2932943343635,120759.21081708158,78775.49321972035,104871.52709389383,1508.7471491924161,52411.32105073993,79565.51882516581,89104.79138911526,1059.9501336162157,1414.1842665361708
560199552002,56,019,168855.02640111602,522156.2995923414,4279.744319524557,50707.097238181814,49386.593227235884,114322.67118883484,2706.024031456524,38242.07448343616,2056.4324743426314,35896.10289281727,2973.433253061825,3045.0384529244734
560210009002,56,021,6510.358964012106,146103.3899796909,820.5299712129029,2018.130913538179,2797.870532742397,24893.24305591639,2205.7683994460785,23127.708577696732,1279.1960731660718,1842.8422748118505,829.4939493164833,1276.4458383264366
560250006004,56,025,4640.85638830801,349574.80977165577,75103.7246396758,16210.824543619956,2534.5580923753423,118404.08878228965,1863.8317573400616,2829.5941146535433,1863.0077183659253,2629.19369375918,642.9244868190038,1576.8660205589788
560039627003,56,003,229245.0058011298,478540.4681156885,3679.645388143272,77102.72918239493,63535.23286126317,96317.65632903714,6535.029529612983,35432.29597057218,80885.54457376713,87084.9180461343,366.7125693266637,474.29015834555787
560250017001,56,025,9111.799654436989,357738.81178703235,86438.88927095178,5076.643019502454,9574.518390371797,119652.21260333371,10510.215407172345,11055.977723217033,5814.749006359596,7532.76791136477,5311.523266322337,6021.733635502123
560050006003,56,005,172033.04716747496,498421.5386625763,6506.370029568799,6035.53538804904,123746.83026745143,143609.14397659455,1151.6963382786157,62732.74904860183,3553.607381490564,4880.689795375215,1139.7023569524317,1362.7301059066397
560050004003,56,005,171995.0323912383,497212.03561944887,8004.575332795615,7669.151724099235,126295.08060520113,144316.19636810446,1406.9713677272987,62902.84266990853,1777.9703716975262,2968.4375306756574,432.4194140473628,817.6324379314694
560050003003,56,005,173707.38808310192,496327.2677728797,11364.80173662237,11279.726575165216,126808.43239152031,144840.24356975712,6651.914690178199,64709.04106231322,1300.6665622047663,3373.934529261808,3653.4668118978198,4155.615674008053
560050005003,56,005,170769.3877245048,496812.1519128423,8118.093791493255,7665.315858828275,124884.0337044865,144076.91625593475,1348.604987467578,62924.253309272506,3670.375562710228,4724.845191617609,1108.9165092663382,1177.551111047836
560050002002,56,005,166507.7043633956,489877.659197236,15607.660654081643,15261.76262832083,130933.74943355062,143989.6353431264,8694.0045019756,66104.55025461348,7269.14533514819,8302.557485880227,3310.9124671663635,4393.4220126940945
560379709021,56,037,3893.245074936521,232256.64605260227,14878.899728961776,15049.085078943508,2293.7585581045505,110613.08426879422,940.1042637255438,37896.52014511794,3463.4062808808917,52321.65533257937,1620.502062241958,1964.1412173044537
560379706022,56,037,19107.375829281857,212096.97372048453,4859.826290155581,34565.57946663747,21244.83590050586,109401.27282368655,21032.501784201828,46135.38590299877,1472.3098715805684,46867.07349991279,625.3113084015952,1074.14745935648
560239781004,56,023,178371.66776968463,171456.05817560296,8255.095476831628,94905.82292534233,122106.36262549844,122692.08047648842,9326.950737830295,36399.98994106753,81941.70665801346,88982.67711635173,4893.381830048785,8445.602499733835
560099567001,56,009,38652.73320799611,344381.1914858248,39024.266219766585,50074.3506975643,38970.73713880316,124782.42605562869,31041.237497420014,33081.13731050931,36229.85414309572,38361.234799060236,229.39115516383012,1177.1046840345746
560019628001,56,001,69922.66137688785,174021.0288126803,3726.5385005319476,4060.191357501998,2038.5373890376704,26077.090450525036,6204.497637669268,50233.55124713591,69292.5740909252,70153.54845006621,916.4245777588072,2462.1238210097413
560319591001,56,031,43157.18907089316,288651.4955404212,28112.00575474909,129768.11643522848,75742.27633393122,107192.19290970344,42924.98677643032,49255.5293002274,76840.18955770848,90472.09311781924,8660.116908259442,8664.630162159017
560399677021,56,039,250946.19690145916,255604.83577391953,22169.52701160928,92772.31861450228,79476.69849028028,80276.83665224603,14477.49493226012,42137.71569090927,9241.106070356884,9811.113231766465,6345.923615446986,8827.186227152248
560019627002,56,001,66974.48632840425,169705.00452330065,6283.876142707741,6368.4230063475015,2313.0764092228565,25047.161260981484,5336.8679993222395,48161.14212724198,66725.19683633035,67551.55972965522,2980.484472583965,3169.988746514394
560019630002,56,001,67527.14751286438,175112.0185604721,7659.591442936415,8028.014277455462,3422.465524603621,25664.937676767113,4104.444161398315,47759.409193408304,66543.36891379238,67433.48985669615,896.7994333940654,1892.0994278744877
560019636004,56,001,64464.67820237592,171068.65148702264,8936.139229337883,9182.8140386731975,707.2086304931929,23689.286264447906,1061.8927271322568,44871.16426116465,63824.39875046569,64684.79810194433,456.2103789447102,843.4402277285845
560019636003,56,001,65100.567735243756,171168.8522829978,8233.322911030271,8474.217934560107,714.109054505978,23670.329102430936,1738.7945528776709,45539.11407572717,64496.67528237044,65354.10345321579,56.34255908627862,627.685971407531
560199552003,56,019,165641.01281855398,518834.2342288164,6947.266729883718,54128.20240477433,52763.278451426944,117521.30431553641,3609.566498310981,40803.311291644866,3109.8248837696356,38519.18331952681,2420.876418494766,2763.939997401916
560199552004,56,019,167247.53391302662,520148.274871432,5771.322995609825,53291.76720620873,51759.27397418209,116142.40650898048,2449.823388850015,39769.49267332557,2749.580236633472,37814.46408041011,955.4150672379069,1503.8458789923893
560210010002,56,021,5150.0895517946155,144644.27384925185,1410.9565274770891,2265.4844997550763,1463.6328092841313,24207.57295150025,1082.123532555886,22847.929919058563,1020.6193984412614,1807.3092050456519,660.0517562229437,799.5953277738835
560210007001,56,021,3628.6530475551044,143139.59941123097,2926.67358864634,3509.7154358187886,1212.0814957284135,23767.225740969003,1630.9676067975795,23341.82565861897,1600.75356959209,2003.5660736726895,1396.757803092205,1576.8781142163525
560210013004,56,021,10481.711107300302,149725.47363755835,4016.759424741345,4050.121948491935,6381.658304429291,27183.77276946546,5311.268766694185,24933.936613847014,1933.1220336148492,3392.3251426846855,1976.7759400905297,2292.464472393402
560210010001,56,021,4395.808652301835,144184.09402360558,2327.3470551223345,3245.395951984412,1814.7408925826212,24184.29417129059,1790.5815506831034,23177.47885255782,1733.0231096897485,2408.3735576911286,367.3068377082035,1081.433697846152
560210020002,56,021,57280.206255356556,169484.06024832698,22540.990686175137,51323.39411532774,52149.12568327616,59147.50957422088,49603.02474398317,50895.99982893407,51490.31958553914,52041.979303683154,14453.234132136358,17540.059213282893
560210009001,56,021,6448.782576500222,146321.9417867459,1803.970179714959,3007.0452046318715,3373.8800290542063,24987.0305172022,2900.811609815552,23359.97926644288,1527.8769234664042,2325.6597240575416,1298.051869610961,1460.252398508972
560210015022,56,021,8783.000482597858,144813.96711401423,4496.014238481074,3296.3529486831562,4589.347582143806,26215.216312167962,1651.5817833921365,24864.451948329384,3475.4916722826165,4054.168048011031,351.2833680811804,966.1405781449544
560210008002,56,021,6394.877662289228,144897.88780627932,1422.54362762384,800.9451747904518,1857.8714418372372,24686.419179523884,1261.1218438163373,22833.29267030569,641.5433440395675,1465.466806532937,552.8389435220342,621.2133062591989
560210006001,56,021,7518.020934411817,143700.79023280376,4149.336301722562,3097.61942096015,3577.6954769405506,25004.828189201155,1365.2984690589858,24041.090524165684,2695.017092705938,3104.3330700028287,717.3104988999664,772.729282288934
560210014013,56,021,8971.342862115773,146596.84424494178,3184.9272703789798,2077.398074579277,4433.923607646827,26460.076670121343,1862.719696730129,24209.09151223734,3023.248346078541,3329.2360555177183,513.4526271415097,811.4054042343513
560210003001,56,021,3100.4835952806834,141287.83559572825,4520.626291495105,4617.97844797896,2124.781899786051,23022.856438457176,2814.680142680611,23641.598938651827,1466.781981516292,2497.260574328028,550.1583005597671,628.9628974633933
560159580001,56,015,61146.905388172156,246722.75714210136,6267.280265793157,55421.73541585466,4877.303082412106,36051.1954658022,3901.9201339740243,19554.301844059126,3921.573155674835,19575.300176120953,3914.754836918391,3955.666337616984
560159579001,56,015,69051.34707826599,252576.70375213434,3075.4663776915127,50118.11248705694,4993.507133302088,32998.30454653529,5123.982515707095,18272.261946567087,4189.90832324776,18027.587207418193,4065.041157114255,4441.400509765547
560159578003,56,015,61195.69181612108,249671.86473100155,5893.931134758388,56484.82168002864,3000.7556111721083,36277.02397487761,2998.0631370905335,19161.31898634262,3710.30230821866,19462.993505756218,2717.535152286494,3121.454065996332
560119503002,56,011,233675.8263654741,507556.60470679676,31964.19715238001,93327.45032630084,40966.01358394854,79404.96805177197,252.31539363656066,28140.785297668564,45612.325494492514,66965.35609295603,483.9678415627071,12304.070910493785
560250009021,56,025,5640.451912426115,349861.92095977045,79118.94754420135,13918.608488067322,3025.8820022851305,117406.26197935017,5391.413330539539,5470.510781000159,1636.9935987315364,2382.441483331685,554.6593576140466,1292.2687274270493
560379709032,56,037,755.4346817322098,230033.41657794293,16456.953411142786,16655.220400846843,2961.14425083633,109062.73676512313,2641.5474992428735,38492.16424375498,3635.143733522521,49731.44023906237,1594.3010964428875,1878.2570362046267
560379707002,56,037,23550.65704315318,207095.00116414807,9770.625473563223,39618.65447651648,25416.290890891407,114080.68973433328,24992.299747039175,46256.55998355265,7367.257981526296,51888.39448928636,5170.758046140845,5986.699375988924
560379706011,56,037,12737.053170573161,218998.80846536224,10862.506672437248,27742.38460183502,14936.48522401321,108087.21697678193,14626.331122031834,43990.28914914237,6753.217241021865,47101.04803366758,6720.139664207754,7082.204110066083
560250010002,56,025,7436.417675270361,352876.7657112717,83604.26888829522,10024.92568631535,6362.782923590389,118004.95498315289,8252.297576269235,8578.77712457719,928.2095366977638,3779.0234776448624,693.7476894831094,1873.2687675962884
560250005021,56,025,4067.3785109522214,352174.1133757303,73289.63395271318,16341.463118166112,4651.018861720126,120476.35560320338,2166.4388862850114,2465.9059533730997,2164.607657136496,4323.989885893678,425.525744691865,795.1110216614893
560250005022,56,025,4480.277899455566,351287.752074243,73062.80385921858,16836.397751138633,4490.6045382638995,120219.79263278109,1777.2556578766523,2395.7233608686097,1773.2518966119496,4066.0086207558984,258.82655664801797,481.42883378192124
560250004002,56,025,2643.956712661364,352812.5791607099,74711.80664351546,14955.78256081672,3579.567756903964,119857.7417225403,1187.718440919463,1440.3844773711087,1819.9238049755686,3524.3741371577794,1007.8087575127499,1225.077276823488
560250006003,56,025,4107.156523011979,350183.33690251707,76721.11877661178,14862.097283210891,1331.7239303666645,117673.7927078328,2732.704890706314,3115.5754621595665,1144.147594245001,2063.1388690268786,1373.4892684853053,1764.435797339357
560250008001,56,025,2591.560036876155,353122.680569247,79102.45300056235,11630.716981073645,2058.372393138108,118039.99833958069,3314.478712492146,3746.527420374584,1255.6762437078266,2102.0979138093085,811.7183948505852,1288.1583513726855
560250002003,56,025,694.503226570687,353487.8233202282,77017.4045057752,12878.001676837448,2276.7540321889815,118889.98916633058,1082.6916937887866,1726.1855740578544,1583.2814682940657,2700.5161384875582,1039.786423998382,1124.4518773408176
560299651003,56,029,280817.0921634462,448142.0534092756,29606.476530528416,17399.766814605275,18316.349395894624,95098.60188634567,17721.62153209996,27167.111211547115,20693.056501104707,78077.56933820833,17249.491813077617,17424.316293454034
560319594004,56,031,4038.1751386648966,244198.22486259745,7045.076933419635,97426.76696972497,67788.48428150838,85334.22028444857,4380.863865753705,46784.235848035154,68320.86584154413,77845.5764876955,3174.300355563405,3982.6509876619702
560250011001,56,025,4166.038221506645,354071.21527182753,81121.74779312962,9886.435017077272,3997.3092591295954,118337.5185132564,5238.378399358571,5707.397857067625,2579.3298865784795,3029.4716380177565,1949.3216765266095,2452.63540674581
560250012001,56,025,3064.9054456029044,355098.3971421475,80376.75868752932,9708.5803343705,4029.958174569915,118900.9798787241,4453.507252930532,5036.903347889651,3042.5162132714036,3761.4553800945455,2844.4452062956907,2996.225682484354
560250003003,56,025,1411.8029434736898,352776.48079175415,76918.61457123258,13270.23768573258,1576.6410635748384,118467.70456520957,1093.6586856737324,1585.6811206807438,1115.4064201664967,2245.9874159733877,476.91246426129067,808.682220724706
560250007003,56,025,2754.1616825285014,351827.71697848884,77758.97726722757,13224.012195499092,472.17128304490757,117545.57213705433,2597.95626091371,2812.38957287707,756.2537380066393,1549.4184452035297,425.4288835258093,760.7825168075808
560299651001,56,029,300605.4569749334,475231.8329298961,1662.4693148846804,44092.461331255,13999.935938214117,73006.39729223981,14206.964408518497,30786.15041182758,45768.3613130625,66900.65789753274,13666.065414197305,14072.42558937216
560299651002,56,029,271611.40781712916,456370.3761712751,30452.350960312702,29497.161876988892,18238.952820078957,93718.3168309711,18232.17901556824,28090.369062002294,33096.35200133875,79685.23939255349,16637.62891793875,17125.028231384716
560299653002,56,029,290330.85691486154,440421.61506110494,33995.87614722583,9356.982074462134,25929.68098451837,99661.5395654259,10139.370440032088,29938.67626175273,10700.872744848266,77903.4854366596,8434.032851914142,9100.184888559359
560299654004,56,029,286619.25764922425,434216.52711798763,40548.17247939689,2422.6565280969567,31607.446151011445,106152.09432976542,4819.0884544996125,31507.89643293946,4995.265604096148,76783.89027712423,1905.5754853878384,2881.977101476399
560379712002,56,037,9105.98742357498,239286.53638202613,7111.256564401666,7320.703280602119,7786.753423221158,111321.70859745538,7501.732373289833,44996.76501786156,6378.725202385273,54406.05171007799,5434.971588413965,5700.383795010866
560239781001,56,023,191182.3528091056,183886.95779006064,8629.196079794001,96189.89118837248,113102.31526545463,114538.16401833313,8296.790528013407,39567.31294079309,66550.79999004016,73661.77271689678,4985.378155801482,6112.8730148164905
560239780001,56,023,180802.20632256957,189717.82883986883,14472.490431116323,78747.53522075644,128510.80722155154,130070.4378257799,13293.578915232778,49127.19506387343,69305.03907143707,76015.05852064042,12849.213524133,13219.92083916235
560239781002,56,023,186476.439750722,179385.98324028557,1313.0508256760827,93651.20882537898,119976.48149375292,120731.34395246026,1792.5902356798847,36467.69572793152,72773.99070879964,79833.36337385772,2115.230453461308,2225.88997268379
560239784001,56,023,110187.1497692933,134761.78278546056,48883.20816121079,1431.7565469852777,105989.40220698534,107277.42882254202,3308.2225208792966,49260.939403958204,96671.59658937702,106388.78281140873,3526.401335653497,3601.2236285660892
560330005004,56,033,209371.9630964702,542903.0844711198,18837.824327060614,18120.132397385223,20152.667548713263,81609.05681558365,22033.153337098935,30886.596450958077,17234.591853841182,20400.40563756237,11671.67933748514,11673.109043948923
560330001004,56,033,217145.01132525317,562118.3154447895,3087.172086945736,2880.8755384093506,1015.67570099888,67534.7767636386,6210.440605213217,21223.945789164998,4389.419922980653,5366.191329059779,994.9171108099697,1423.3416215429634
560330004001,56,033,223371.6077982332,566260.7670558622,5016.583802410567,5797.560515450536,5490.723880645543,65002.28157700293,2179.274407091178,20132.83540782449,2001.013297115755,3640.2971723095625,1620.6582781496018,1901.111562241396
560330005003,56,033,199577.41854989622,553192.2884168433,20135.626281795117,19501.567977964372,18351.763580387345,84402.79068049566,23758.579416967495,27156.351602802082,21563.890279026273,22299.849846955145,3443.4198591191653,9186.337704102934
560330001003,56,033,220212.1568514039,563189.7678055661,1619.857342029302,2302.4491340050604,2515.9997273415547,66154.82664268574,3116.9608465442393,20192.280230286364,1716.1900298367707,2953.1440633049497,176.80825705748208,1253.5040295635101
560319594005,56,031,469.03612642241836,245967.5447461114,3324.9348972665557,100376.29816955178,64415.12153781315,86564.29528220271,625.0399696224096,43302.218987237015,65014.01708073865,76170.70198412336,238.9906879273149,760.2413373877898
560319594003,56,031,4687.865801615917,248275.88886915575,7191.588303600196,100460.26231510397,68120.00394628434,87572.74468488347,4819.501084280625,47188.6949267078,68784.90911331309,79481.33905696738,3701.4957579792517,4167.126804164203
560079680002,56,007,158313.50884777354,235219.97863969338,49196.388629064655,4118.6992824541585,100935.3243820762,120402.01974487689,51386.68625204229,90015.46988416355,104375.30154028576,112341.35651788209,2637.62217946348,11784.244531562716
560079677001,56,007,136520.4587712935,285204.2821445714,945.6571636024668,51768.00606993693,133998.01335501624,141629.8035979339,5700.385547827954,92671.18975566847,130019.75517960107,131572.86966473484,1460.375160788167,2174.3447583810853
560219808011,56,021,6917.019032982329,145767.54713314242,796.6854328775124,421.95103153992443,2496.8112373673903,25010.68232685717,1809.8826636158649,23001.441019339854,1497.098739961478,1815.0835077832876,1139.9722915940833,1324.5032601757098
560210014022,56,021,8576.3214836756,146891.34064439568,2358.628697628106,1486.5281267920902,4066.996541622408,26099.15312105017,2224.386585561412,23834.251539908844,1998.3547025869377,2543.789860857923,761.8133027979404,1310.6134379572775
560210020004,56,021,23866.529577890957,136807.17381653097,22939.81842493972,21815.04680007742,18265.956253177974,36832.2548553991,20037.99581034828,37254.27086324938,20970.92935188634,21518.143396018462,11730.431879398831,14791.68153357033
560210005015,56,021,9113.598204018374,142821.22626976683,6474.21671296976,5376.023829853766,4183.9017653254095,25859.62620773154,3596.052149660376,25580.365089421506,5009.804818672027,5269.619699771347,602.9441641000137,1207.476706017704
560210019012,56,021,22937.704977647285,156172.657533428,16926.55348818565,16025.174314141725,18427.49441355114,38017.088737889266,15510.868815145463,36131.98077525814,15515.494159294249,16426.664745437498,10440.412827473398,11911.405835851006
560210011003,56,021,6159.609268427464,146177.304402669,2878.902549880087,4094.592974449369,3949.2884552327946,25034.251466008005,3629.7761112195763,23617.168344919162,2540.0254050779063,3251.8168222231293,1996.5977961750004,2071.616978089998
560210010004,56,021,4930.609134498954,144202.5297128242,1663.4353503224734,2224.844775039138,905.0053572259185,23997.60794279563,585.7935643993909,22744.08256906897,525.5062528149455,1324.8655745890837,869.832852713828,1109.3189346976558
560379711002,56,037,3698.1739272975433,234183.31012792556,12251.38851964651,12451.012074973814,2703.573014844519,109472.90056947773,2221.633668829929,39856.51866599757,1288.3559461571365,50723.140396185896,526.454229281364,1293.5398117315435
560179679001,56,017,213452.4204474847,387327.1148291069,60118.8311399035,78780.31719720442,83057.90243211662,123585.04510224836,38139.893349447586,61182.28751177975,38281.94269850977,68523.41605942867,36209.659025746325,37072.74059092944
560139402011,56,013,181178.41678450746,370142.7639685143,63413.74038201383,31485.24176449917,35349.710766083575,125480.43558304656,34924.7085763888,45571.787444518464,34982.55066158623,36689.70010492515,22276.10955361059,22334.738154530325
560139402012,56,013,185938.32186705843,350563.3068502736,41610.80346786344,15042.33289343609,19652.592004252027,127017.64272428601,19698.899647717102,40547.29935701762,20595.70484460415,28116.74651298454,12391.306580845649,12415.482588713287
560139402024,56,013,160394.83746467374,361602.14269304887,43242.66266379279,15436.964525658821,12141.675831475462,116737.02061815464,11519.709983383922,41430.34421261387,8777.223948727373,20271.973972569613,7582.806957770003,8762.212503768798
560379709014,56,037,12887.303190926463,231736.1795612811,20265.055243611354,20364.16564617673,11645.378547734237,113786.7393174698,10195.444065302165,42896.80811440273,12691.574095460026,57018.21826859044,6954.553071881487,8720.674746103956
560379709031,56,037,3094.6357508111482,232848.75890582782,13956.395185488342,14136.475973290806,988.5312161981068,110182.71663688503,1089.1069357971073,37845.481736926304,1957.6710574837864,51478.46670089362,1103.2102202581307,1706.6293548165281
560379709023,56,037,993.2848231088736,230636.21565493895,15960.8053816356,16151.179845205053,1831.0567227940605,109679.6245040514,1883.962599963284,37717.95724527329,3022.6493225423965,50382.436757900876,495.6092020540475,498.46098285105876
560379709013,56,037,6980.030445369153,231310.97218958454,17075.752925802884,17221.14498664919,5820.546429227519,111799.56834431617,4326.157853381356,39506.58210817046,7006.530394027631,54697.960910290385,1045.9025347291936,3035.600026655672
560330005002,56,033,212401.71724671894,559355.0795798596,7287.164601847323,6694.682058322693,5676.502100854465,72134.34439841252,10905.615452771226,22834.76689234877,9089.235703393544,9618.7937691931,3148.733424998608,4747.410619635387
560399677024,56,039,246587.73618320312,258218.2181249433,17961.61777434719,100443.77078382162,86302.06315181397,87127.08106753319,7005.786317098942,42410.099057089516,1565.5198561196742,2638.7651425085996,2331.282489453291,2427.6902089194923
560399677023,56,039,249868.52711837014,265511.1663010922,10657.952181779245,104165.75565964545,87199.14649565241,88069.90159968795,4961.619561082959,42220.964188566126,3787.406203086357,5759.8498535278195,4317.027965094089,5048.256961638172
560419754003,56,041,84526.1975234954,84558.12699935236,5350.044508707045,69217.55073182196,82011.37805157767,82344.40664718921,2788.385082164229,24699.492024943203,63567.52151042492,71831.53986797525,1139.2051562237868,1644.0638661825817
560099564003,56,009,78335.03627606097,325215.3635198953,6237.260046864269,90293.25857267405,78097.34082380171,119897.65785846244,2282.3811583321135,48081.82765425123,75469.94758462321,77440.58289553593,1804.0433768774203,1865.2128173161223
560019631001,56,001,66250.45010838471,173335.31327534778,7884.180977506896,8203.211049053243,1632.4027882609396,24435.985774973997,2466.789886363074,46438.04885129838,65420.58769665076,66297.63183424511,443.9882594916037,979.8085935330768
560050001003,56,005,149195.24984376112,485480.7735801834,32575.489961782387,31965.429401636746,111518.9651470311,141530.80320250228,29635.070117701325,73129.60910872318,31981.552170084116,33008.3975185129,22596.84847310998,25881.332774342223
560419752004,56,041,98706.80497462577,133051.93714350573,17748.361879423668,67245.67835152955,100758.71658289855,110266.98399830025,50019.062945579186,55677.19071187474,80342.84009773222,93332.66969044111,4257.395953405166,6065.639899678705
560419753003,56,041,84678.41411292469,83385.200640985,6619.029164349424,72701.4528586815,81846.94356072963,82391.03574683354,1939.6044983564284,24979.568615681856,63915.544141096485,69945.926177063855,1344.8254315483994,1557.8385188637797
560419753001,56,041,89895.65726970883,83381.6799901816,22066.568664335362,86057.64717740775,77609.6547093432,82673.6101059092,17387.268838963126,33611.65019386305,62216.52166150389,65089.519678239325,17772.289775544705,18042.12069750948
560130001001,56,013,147289.91975873164,321041.597375749,3038.9948319468745,32348.592822557577,31317.217987086235,123752.99179614612,2510.0001592141884,44536.45462904584,3194.4778601282474,23342.0601098955,2452.6965931358104,2732.059161380779
560139401003,56,013,161104.7600528129,323463.94378276606,20036.665497149475,29288.83610287385,30946.475737214172,129167.12607002525,19550.0182301756,46481.69494035038,21212.24431739607,29512.83646508141,2829.496038784569,3722.891776345606
560130002002,56,013,144510.06056027152,314978.73130573623,5233.142289838801,37448.50179532147,36920.997608821985,126882.76048531118,5201.796417068439,48540.1529805794,7219.734969567153,28523.355692456134,3325.1548003271387,3486.1986134480635
560139403003,56,013,168344.50324560303,355312.92620336934,37369.48949708603,7798.341090966295,4208.967383592996,115898.75900770101,3569.5019001920855,36880.44562502129,970.7128173209546,13141.210426558566,726.5985428379473,1233.791315351416
560139404005,56,013,171852.47451050492,351498.70999556495,33728.48181967164,6052.612610315842,1457.1239566143324,115245.88270963516,1816.7989198113862,35783.76044460112,2456.660178479504,12705.356448637776,1103.364993519539,1459.8440612287343
560459513001,56,045,202470.74938248927,449388.5896548331,4580.6186159761555,97029.31412228463,74828.74066992741,80927.814347227,6740.73944646269,40366.07719828019,70746.24574288863,75326.83521378734,5192.687209881832,6077.994267918007
560430003012,56,043,184082.03019262294,447367.6705348488,5491.290706856208,102455.35781924085,105288.91572649406,112329.94014935997,357.72635909509205,30991.96878207854,44939.1936302227,85457.36518311451,160.2849043000078,538.9455466923866
560430002003,56,043,182798.02900822464,447100.96823521645,4359.0173683288685,103656.70647120598,106619.10272878502,112614.09809772698,1367.8594447576472,31500.679379532343,44186.62127530278,85541.55366840292,945.6734265933092,1151.5233975861568
560430003021,56,043,185310.3940439253,448802.3735864647,7461.575642899112,101528.7509994989,103848.36908041743,111972.58527636911,1819.7712476129993,31462.228116141145,46799.47697584792,85489.65145463438,1156.812694343209,1735.3003641715043
560179678002,56,017,177228.1121480458,404147.50618008483,42006.58753199209,66640.7320585162,69686.57432279912,121056.00704560093,2316.350776829979,39475.34737229352,2428.6644688180227,46851.951321662724,266.1371962502625,1294.3275259783254
560050001004,56,005,162249.52952161332,487877.8169837187,17086.01027136082,16589.05378748218,128630.86086819011,143323.8192763123,10294.741499561202,66948.35928722423,10516.244744026983,11739.318723061026,6602.966250203174,6998.783282644157
560299652004,56,029,287076.1965956372,464656.4404660458,14044.71690511198,32822.35489034458,1689.2290596919793,78588.78914524423,1764.9819885816407,22362.395050817482,35402.209384247326,73058.26447148269,355.9199359288178,745.9035719027847
560459513003,56,045,199726.31408957636,445233.86491662194,5941.126557601145,98932.70916741983,78838.52182557208,83352.94971131664,6193.13191416482,41460.5457873914,71652.788674213,76309.45144137712,4515.077989501897,5468.203635777548
560039628004,56,003,267411.2080431093,482840.6645693156,19116.681698939174,56982.377470384956,30329.881517123413,86424.16985199199,8946.965962416716,27831.947272057238,60408.243948052885,81850.60598575021,9499.955176561101,9874.76166354074
560379705001,56,037,40814.81954086886,198118.17715871145,35306.392797140004,55081.34425215748,41645.242165651434,126129.88619309622,40433.19976509348,50902.59477199029,32271.8674050866,73081.77566912942,27188.732076208555,29165.027970758336
560019637002,56,001,64934.299107413026,170351.56070106337,8230.803765267592,8434.372180478667,1606.4838041255045,23896.23716068061,2355.16130715503,45685.85426373976,64437.597196032104,65285.58719344049,758.8114138157983,1051.2515156840557
560250006002,56,025,3264.574598718255,351017.8179591393,75387.62678036874,15221.38386636516,1944.1335564386486,118543.6690129281,838.0757922977148,1513.8259998854528,842.1109122859094,2157.903950356383,805.4510960894748,935.098932043383
560210008003,56,021,6810.921203831518,144889.49693047532,1961.8112961628567,959.946508132094,2286.8977658783265,24973.357769668026,998.3761044174739,22997.69058378612,1005.395273501761,1823.178208197188,266.42600667864525,785.0989349148001
560350001012,56,035,112622.86846565561,205785.5545889976,20442.393766711237,45657.72956405119,112256.4178697432,141707.37712890032,81911.87916405253,90082.66424389783,111204.76491520077,113582.32960104782,15800.178428946236,15912.518024014991
560330003001,56,033,222112.97768865502,565318.178745215,3843.1753374465006,4601.057515744838,4197.87858651212,65392.57680309861,2144.509455278719,19965.136701166855,683.4441414765528,2858.059413875196,1068.1023572989905,1315.8508489249193
560159578002,56,015,61482.91198347009,252881.71095921184,7007.228936424334,57725.99673892341,3561.4487478373303,37446.86621851912,3194.0112342153316,20305.345256974768,4650.438568122085,20837.348665061687,4267.412584873988,4800.726598152517
560299652002,56,029,288985.8780653017,465106.4022833005,12409.692172654184,33171.62554313509,841.7305146339063,77473.2282033106,175.60116237776896,22154.986671974242,35594.32342376774,72291.23214959959,43.25646178863797,816.2707658670248
560210019011,56,021,16502.371687838546,153823.58054362726,10023.313786340548,9426.681540223615,12013.80890282271,31841.101268184775,9603.544746638123,29612.744959237272,8238.910071317165,9439.85276891103,6489.147377727231,6785.172268811636
560299655001,56,029,287539.2034526696,428196.61015842005,46331.11341234691,4357.299894205118,37727.9990780841,111667.41330171439,2516.2103357694773,34810.990099211456,1779.7851030481688,77304.14061783285,1568.085384909955,2045.7921283212027
560319594007,56,031,2694.7648086383906,247276.21009117653,1394.1373604865346,101618.17084508738,62030.91944113419,87474.83237842412,2341.006079810268,42299.48232530308,62681.867850441144,75023.50626245914,1581.71510389949,1583.8049308004445
560210020003,56,021,53819.703342860434,141888.52677394077,10553.590706241079,50791.66714109283,48151.864860049485,60780.71911472997,48719.66639303877,49758.133939636144,50581.94878009451,50942.44573196977,13534.949174486273,15628.538050970084
560379705002,56,037,18332.49535219914,212337.478615053,8166.126920202259,34291.826913494144,20320.375886012855,111558.35102412749,20078.991236958995,44785.28270445428,2570.4963400955635,48271.9199200619,929.4750484790151,1720.0472451069627
560459513002,56,045,206020.81921609404,446863.6910556473,11262.905326716234,92217.91974427308,75401.61659051052,77679.40360978777,918.3836691292709,37613.79507152039,64806.799045409534,71167.27147523515,1113.0575789413483,1486.4350712408818
560250010001,56,025,6722.641533824678,352166.8231221561,82509.11409086076,10887.08882175901,5351.694132144803,117798.66430748487,7381.042214767973,7659.320154505921,326.76432551801645,2888.032971056065,453.51774957599525,1747.4790008079126
560399678002,56,039,244452.48795963716,261847.8228779142,15017.436647983071,106576.69606891366,91290.65825299134,92140.27536990825,927.6852766757979,42119.55636583531,3873.3992058665217,4568.175653789681,920.2031235917905,3013.0469477465176
560199552001,56,019,172494.25951843246,525609.9992550048,211.26780316271066,47574.76845201244,46105.60265561384,110829.06236610169,3567.165600529738,36365.24782577391,3813.359784988886,34373.165115580334,4112.371255330348,4341.011866439394
560079681001,56,007,75809.537966124175,288864.213083969,73648.00396052703,80153.00104191694,72938.76308089957,105176.07210968819,73872.47983634395,74695.94022908628,70922.6583293079,71384.04849372992,35331.48074966953,36517.62205604166
560399678003,56,039,244327.87281479096,260133.70378970736,16389.613957270594,104979.87877485694,90288.85903803517,91127.91771339935,2885.243918073472,42201.25091706549,1916.5613943713195,3051.1690055125573,2100.2161151723462,2149.6422912198923
560379708004,56,037,3765.771594722022,234224.998013687,12418.153798422285,12604.509207720519,1781.6003084735112,110313.61563620584,1839.4616215750877,39035.96196059801,1008.3859553270136,51345.45452087906,447.74361569132896,1037.0896763598107
560019637001,56,001,64073.12535276981,168908.39529472677,9037.84296958189,9189.951145358784,2924.6465802994817,24354.578244666245,3236.9609157782193,45475.348587740285,63722.00792264516,64556.744151143044,2168.0060900834496,2250.24066196048
560250011002,56,025,5985.695952439345,353555.06743541535,82581.84672355533,9666.500144121646,5263.992083831701,118150.05163457483,6919.614628490913,7309.64675919707,1620.092909723355,3262.1770728795336,1418.536628949856,2280.4279684998155
560319591002,56,031,21196.08777907096,262462.6454626635,9758.648155258685,108187.29357506814,54261.12653579058,87626.8434954449,20854.250886680158,43463.15198621683,55320.09990099816,71106.85533290418,9008.510315080448,9152.297664635984
560039628003,56,003,274913.83075501025,488656.39217088604,10606.130817376243,60058.87499526869,29747.32723780827,81767.40983816475,627.2515762500641,27482.26412453237,63237.42619444849,77059.35475972191,909.769743423739,1288.8305571033636
560250009013,56,025,5832.93424689129,350884.9074591372,80571.8516156248,12551.115336472487,3769.421968773426,117498.2764535326,6084.8099449636475,6233.6273316829775,1868.7418259858841,2399.821802795824,1650.1284880743333,1820.09679087618
560250005012,56,025,4184.935074889971,350478.52426546055,74131.23554967949,16376.363982784078,3190.1695241978023,119196.834617394,693.091300215959,1937.4683933168692,687.4182951625284,2826.116485466653,599.6412920928854,916.2899940411711
560250014012,56,025,38414.05290726274,387528.9356753822,81368.42252562752,37448.902292101906,41262.14051060144,135263.63183546683,38848.93677625293,38985.83135986427,40313.58628236336,40981.2456979941,24452.424408132425,31310.2192067726
560250008003,56,025,3992.3179946671175,352509.44649717084,80042.54374870162,11515.365795310672,2723.5073719425823,117783.08023900723,4578.704255832721,4904.936746441979,944.3675237175327,2152.006137456223,378.17124408634965,841.6124542950907
560210004012,56,021,3411.4151924619355,138657.87275952572,7147.340651187938,7111.375007700468,2798.4480099646958,23006.383488439344,5425.922379337417,24454.05959472727,3845.2609948549884,4990.000134118014,610.7992184322881,1109.1599715297762
560330006003,56,033,221327.0955720869,558163.0432991022,5030.2484562889995,4945.611799441367,8009.893667666955,68105.98498195,6221.729155897235,22582.855224998228,2038.488758475393,5210.640716449844,2041.2008236471468,4188.204894863333
560050003004,56,005,173144.46050262448,497347.17224144173,8739.264219404218,8544.078148945006,128132.60817197744,144575.0772538024,3443.2504021556833,63563.19188210088,468.25497738814806,1751.5472162038673,437.56498265449454,1004.641925900797
560399678001,56,039,245335.3954768946,257976.95335621538,18191.919441128877,101661.46943783296,87682.7602844836,88506.96709715592,6209.031478831136,42370.91645766123,727.769209639392,2111.7038740228727,1297.9428019469067,1365.6432456612474
560210005013,56,021,8354.388251436063,142846.372240614,5739.3881075237905,4681.890895784575,3686.19550425531,25305.530219952194,2919.487516900419,24977.490708440564,4197.630089705171,4466.890258335798,276.4486534483318,821.3693892876482
560239784002,56,023,109459.27886410264,133630.6089070415,46005.540594026395,3546.6102162754396,105878.65681195601,107132.49245557921,395.30090645027406,46613.83427965787,95608.15160771621,105732.03302589386,702.3560687375192,738.6422602156758
560239781003,56,023,186927.20195331165,179925.2617264463,1533.5538893805274,91401.33689616136,122122.6007556569,122972.13133886812,851.4704131354345,37135.04384135134,73246.04784205863,80266.53495923053,1508.2238854663156,2200.2091741713207
560139404002,56,013,174132.55063983414,349366.6000764514,32262.921719216345,3954.62398143348,2716.4919708996044,116754.59379298228,3435.526132190035,35722.82193796209,4886.653255987114,14130.108137978132,3608.7950565902875,4013.793360768812
560139404001,56,013,170782.0163720669,355151.6138887735,37911.37803320876,4734.79360153236,3738.4234746747056,117238.7531126637,2990.5190383682575,36002.125278887645,2553.7509853093375,14440.006916215141,3004.6426627359383,3164.0864075158565
560079677003,56,007,139312.24273078726,284509.4487647301,2410.360520213339,51076.79750886208,136792.17269787844,143046.5523610336,3266.7603210326142,93723.8185808174,132806.04137402293,134364.02500399767,601.4041478472061,985.320982638076
560210011002,56,021,4964.103941267976,144931.81398521524,3986.7551157193166,5151.82976273561,4132.179194132187,24894.960877101603,4083.1387644715765,23896.92972691802,4022.7935511739392,4319.7314201276085,1221.444975125987,2141.928684476641
560239780002,56,023,220420.8737742387,212645.76659072412,41026.81818493767,98775.91410460301,91063.26832410664,92866.27709471194,40242.15474862285,52675.119797554755,35524.79734988508,42646.303275029466,5058.02474356576,19233.674219516208
560250018003,56,025,17815.500710966044,359400.89428478037,95018.68965948038,8981.764124772546,17733.23570002484,120240.65555030428,19100.0027437777,19573.976251713066,12513.566396698752,15167.612966285606,2648.079430010534,8619.752589597292
560379708003,56,037,4200.903598536939,234228.47712077506,12612.457283116864,12789.901697696452,2002.238483041005,110530.69428335576,2375.8640233075716,38957.28573122283,1933.4314829075433,52079.68689620312,1413.623323917131,1556.2548918107475
560099564001,56,009,81607.97064832223,331133.37203246163,4305.0933551651,93277.60916547712,81613.00735665327,123522.88996764792,5783.273247197179,50706.28963871263,78925.62842625332,80966.81432728311,5700.648065968802,6091.426628074553
560099565002,56,009,76396.93840286786,327073.2045456267,4777.092548221989,88302.16057702119,76212.81210840867,120570.18220751757,1757.2870764298034,46619.79650007371,73570.12803767533,75558.45242335311,474.03153434348434,741.5101023824967
560139401002,56,013,158774.2563996616,317484.94878232514,22143.42361021503,35887.74447285254,37613.44023080505,131015.72789336545,21764.30155811165,50959.93488971631,23726.673639446315,34795.49808366878,3232.6075280785476,3241.3849581773707
560139403001,56,013,167054.71779080934,359730.33329278737,42322.05105444279,8830.475919428696,8091.676004172213,118665.5529705351,7279.511457124331,37907.02824524378,6204.245408451617,17979.232440857875,4947.225424243392,5954.092117673718
560050005002,56,005,168275.86085460923,496200.03912851145,9628.580428308062,9029.375007899978,121586.31475702237,143590.22453976198,5277.8642251049305,64310.00834185756,7983.937930225669,8919.962785773314,3274.854420685909,3986.7699964540825
560050007001,56,005,178927.48886831306,503120.15106132894,6110.4399170651,6376.521104662544,126686.95560755127,142003.96395118476,7081.419103025092,64430.66942038028,4392.177172887772,5479.42746420931,5359.086310922795,5434.366346042438
560159579002,56,015,71440.07460980423,249214.83505278776,4691.011197282169,46152.588518281824,8123.522527813414,31259.449046032678,6857.5041694241545,18589.101294398548,6864.913057575243,18182.495141390413,5421.611969985628,5969.067709557769
560419752001,56,041,88262.44591121594,142418.5328101594,12426.207501393046,57967.53015829119,90225.94405701333,114529.53572174386,54161.8948068766,57593.655296914374,70117.40265367465,89988.29008067418,1746.4288963334805,3534.7268504402064
560419753002,56,041,83990.06449630352,83108.11433281843,5432.864079362659,72017.15487671508,81261.65142006082,81733.48606588927,1714.2073406891493,24637.827710324247,63165.571976040446,69983.39040458392,150.2111570388762,562.1438728355328
560139403002,56,013,167011.1167396202,357076.07318030606,39130.30282725298,8706.408853348526,5744.6079534603105,116478.28603167052,5013.961778956791,37525.70656268167,2730.730031572488,14780.932651116964,1084.775313519537,2475.8016924394174
560179678001,56,017,177032.20493924408,405344.7529341892,40785.593908469484,67784.96347361081,70806.50127947776,120796.90557946418,1369.9092839715213,39128.43608553534,1508.6547164849067,47278.454643512494,644.4317205602981,909.9727270257141
560299654003,56,029,285634.73744062637,431474.1573040212,43380.30397761946,480.4863003500187,34296.42302809991,108941.60272865757,3742.124015539521,32807.94377818419,3462.969182747471,76659.2248316065,1596.056539371694,1960.4540581306921
560299651004,56,029,295507.3912788942,454111.533934233,20176.766723125307,23342.863266549964,14779.998557159093,86603.991172404,13917.720609308844,27697.511795645318,24707.535934776508,73248.31018192341,13945.10162044635,14511.259284683994
560210019023,56,021,43636.471256835495,182155.69315620867,39291.0390509301,39913.890077442215,41479.06609328798,44705.23891418906,40913.41834097348,42625.80343038016,37587.787104824565,38685.19770432566,14465.983114480354,26937.724341777233
560079678002,56,007,141111.41996014246,284388.2329862002,4260.83386022213,51026.370473818315,138596.15375240642,144193.904669505,1901.0825153120206,94473.62503021363,134595.40087017827,136162.4481851389,1663.0722427854557,2187.2641575056355
560050002004,56,005,168742.54615672457,493364.6805305631,11814.638644828918,11440.81298100964,128536.65869567828,144029.108388114,4836.420270542083,64409.05325512499,4053.498211667033,5375.713565756911,495.99350061873355,1359.5425568591113
560210019021,56,021,18242.5645009115,139466.44354447114,22262.641603417786,23386.402245893547,21645.560228713835,31834.194657669,21931.139964655595,31788.589802196755,21881.919367856895,22082.136180704587,8922.433172864954,12296.239946161144
560330005001,56,033,214858.11310851108,564138.1976172694,40936.93129837472,41192.797659143784,38129.50785646022,84226.47135517618,40773.60255747858,44891.2270172585,38777.55217560861,41106.56113086282,17711.33699994587,28578.413388345478
560379709012,56,037,4075.146309300685,229210.76913892402,17888.303596077956,18062.633591587266,4133.934801669415,111238.09051142762,2919.725395235742,38114.79870065252,5592.530510167593,51890.835510300945,1453.3629237569746,1917.4596260482485
560379710002,56,037,7894.07371401577,231039.34616548676,16377.779185131401,16589.389103332676,9099.729643060722,106892.22235265758,8419.701805906769,44211.276414631226,8369.785179564402,49693.362651839896,7191.408883186569,8383.725493353388
560239784003,56,023,109675.75814730015,132301.7029005135,44293.386548172086,5232.9076617461315,105183.89400129802,106415.00322124643,1642.0117551896326,45708.823100987116,95587.25405587716,105550.83483608793,1242.8608329710178,1291.7506507075652
560210003002,56,021,1678.0044262988777,140662.8104592387,5355.250799975335,5701.39985185364,3110.571767264066,23315.17681224712,3783.049831579576,24047.969946185356,2811.3499018179737,3645.403419259549,922.6606084290829,953.7651531637964
560210002001,56,021,5632.110053282042,142241.92951602582,4178.130300160107,3587.648952630467,2474.0976356951187,23510.932818773832,2575.9365011851487,23581.535078227822,1494.75834406497,2231.645834802193,920.9665799879685,1234.690738270876
560250009022,56,025,4331.210771541772,350377.125647757,77840.90465075207,14121.315442322271,1501.411885952219,117438.04156917395,3768.8305161805743,3888.5727777473603,675.9787419086642,1567.3058077204628,908.4793096903823,1320.9821426173094
560210006002,56,021,6445.054651154574,143368.60021538878,3497.71483176625,2666.0466789511966,2508.225851368719,24262.98820368225,1411.2374589802305,23486.515885844077,1816.5274305484008,2122.0029926050593,378.26033202821617,790.3613404384176
560379710001,56,037,2661.45734128189,233293.74939124187,13226.379905288612,13422.344818285492,1625.5274591284306,109336.68594047274,1080.780549230308,38758.733173802095,565.7869516868503,50283.94573973964,902.0667249231432,1312.230032332146
560250017002,56,025,9858.605737253427,353557.218620488,86184.75117881258,9306.926546518675,8958.515005621533,118282.39623462601,10786.998540416322,11134.445739055525,3384.457048832023,6316.764460003892,1692.6069099093086,3710.224202681958
560250004003,56,025,2866.962014345161,352071.99706923123,74724.91028853024,15221.80423174028,3065.5775953174607,119450.76862627035,1014.6983867585853,1151.0142133253466,1017.3811314982163,2933.1981656373546,608.5679813875776,746.5106632586129
560250006001,56,025,2453.085394351789,351766.52133330255,76007.35602111826,14409.624223477982,1532.1406099107385,118435.09195208747,1232.4870779718794,1282.6583484612756,1385.1217323721241,2134.774501420031,927.7084934113009,1220.9810577562369
560250016032,56,025,7201.624600722653,347572.2753745287,77661.17615489819,16322.844862149685,4319.218764114566,117650.80693279175,5701.8183481640945,6262.547605879197,2306.1363974851947,3896.4573277210843,1913.5568248683544,3134.8907937174613
560239780004,56,023,209901.4900322667,203412.42070679375,28984.00347315159,96629.17294753189,100462.35082062567,102151.31323552188,28137.518505741762,50332.05149991698,45578.06827421079,52719.783204928855,5830.585187305469,12562.642389158866
560119502003,56,011,192421.23554598488,492067.5447991968,47539.82945524084,47802.39968176352,89489.91323108895,122495.49790300605,45230.01645372321,56971.68295474223,39473.91768719897,41611.149527239955,1250.220025984017,7708.402378520411
560210012002,56,021,8483.375935143727,148395.70633478815,3135.594768487575,4028.498314443135,5282.710983248657,25975.77195606047,4705.142433871644,24064.076355664773,1529.8290448806672,2798.1881122912496,291.39407802167,634.0190117663261
560210002002,56,021,4583.1098590743295,142793.58331148073,3073.8221739636597,2954.5331890174607,880.7237623633324,23309.83503094052,1380.5590806918535,23180.96990453243,336.01258241259995,1091.8260293455055,768.2200043101674,1008.0202088238374
560419753004,56,041,86170.90267020461,85148.87187928488,7473.731128226955,71013.86964034171,83426.90368949027,83907.75283868298,1110.8945962052758,24399.910355989647,65348.26688316709,71634.89488927269,103.74522231619368,850.0024653429471
560379709011,56,037,1103.1206313932987,229634.31983614113,16913.96189636588,17107.711460589086,2925.538729928493,109568.02338298154,2842.395234479264,38147.06094835267,3958.6232436906525,50039.25128636859,719.4843821116202,1294.449874555193
560139402013,56,013,170298.16566769217,361015.8057184253,45210.50630827448,9855.951883292104,11975.507416792,122118.77352650983,11332.263603510539,38395.78526834322,10949.007082216804,22420.446123296693,10848.19431370408,11273.43261618225
560399677011,56,039,241267.88263451905,263180.5840469694,16121.682930227606,103444.64605934886,96146.0042120429,97003.42328475839,4800.3396848161565,44877.01056337816,8559.933499832037,9387.810287444781,5451.643599245979,7655.741773855646
560139404004,56,013,171356.56659613847,352581.17164858565,34904.849247252336,5539.452983922573,1185.574965590695,115408.54622723174,873.0857855831476,35459.73192421027,1258.0901825201934,12459.033587461789,482.23785050707477,671.918036696428
560130003001,56,013,144513.0061419377,318368.5752561973,283.75994807739767,35261.64869350608,34181.16379795541,124362.14240204117,409.94006866528105,45745.301408162966,2206.6890743184313,24899.336267025912,1999.3807361047632,2243.071999595179
560210005011,56,021,10285.066468329367,143670.55172123713,7031.203613235106,5855.288488644001,5438.705912658123,26977.17444760586,4115.902827903629,26415.16381607512,5771.43473941095,6145.6094531732615,1005.5098820694909,1521.6974720496721
560299655002,56,029,289413.7006494773,429554.8180551354,44821.686483747835,4670.932792517253,36617.815749834466,110062.09211676578,826.7044339878578,33680.6853697544,945.3471474234326,77166.1164102184,1079.9340691076627,1257.9386215570635
560210019022,56,021,27858.01863977852,158505.5258102896,27057.472908773158,28188.40344210273,28233.004531974115,33167.32798285031,28004.623433112065,31824.87982301519,25793.290191245294,26745.665233213254,10588.995947104526,16500.91620401187
560210012004,56,021,9062.407612183875,148825.11543977013,3171.5214650830335,3822.173437152003,5500.840251117171,26275.85426436472,4864.5894971621055,24228.45870295161,1488.1211100679036,2653.9648415156526,627.1760734727474,744.0496651283912
560039628002,56,003,277097.0703646711,491595.7117421735,7988.089383867582,62428.04265578699,31252.21369214994,80159.7905683119,2846.4876944410457,29545.3433327408,65527.7133563567,75788.45688080986,1917.9619005097431,2210.9201664047123
560210019013,56,021,44056.810194597725,180460.75804487354,37513.95560462002,37123.481661808626,39705.52931117093,53255.27780679386,37434.267914022224,48412.58679130882,35502.79564434767,36806.470701606195,31008.531125229318,33341.968760318014
560399678005,56,039,240048.15159652577,256617.6572841686,20519.01027539315,104182.63802172862,93275.76125084893,94094.05170227264,6360.680673933074,43334.379174024914,4892.257466387928,6362.564573948278,4867.845533965473,4957.103518082333
560210015013,56,021,9798.113800316049,146148.6833765683,4675.990835307204,3479.696984999927,5393.194257925004,27264.005321331653,2362.596117536703,25289.222457130323,4151.514923089105,4604.721146524739,1273.8102005722183,1443.6065411682657
560079677002,56,007,138426.71946634416,285521.05666552216,2184.1365815469385,52077.532577731625,135914.52874399046,143147.3710395952,3546.9958882011383,93236.25502284321,131905.59685045353,133477.73590503293,151.08272709598788,609.3022149152628
560330002001,56,033,221093.76218604154,564585.8232401242,3011.889708204995,3720.289163670714,3165.968171005352,65711.83568577429,2669.458646111476,20080.788447742318,379.1484354349517,2746.3265270970655,697.9457067614192,1254.3305061380759
